step	loss	acc	lr
0	4.37315571308136	0.013004791238877482	4e-08
1	4.37126612663269	0.01208283656110048	8e-08
2	4.374831199645996	0.01270128604251002	1.2e-07
3	4.367878079414368	0.013566221812238677	1.6e-07
4	4.369164347648621	0.012491995468203537	2.0000000000000002e-07
5	4.367273330688477	0.012564358331066307	2.4e-07
6	4.365057706832886	0.013238685715997244	2.8e-07
7	4.363001823425293	0.013270227361231764	3.2e-07
8	4.360262393951416	0.013928867158235086	3.6e-07
9	4.358706474304199	0.013471565052288961	4.0000000000000003e-07
10	4.355495810508728	0.013681939839411976	4.4e-07
11	4.352197527885437	0.014014353732669215	4.8e-07
12	4.3493971824646	0.013145464412775622	5.2e-07
13	4.342292904853821	0.013915767212656863	5.6e-07
14	4.339560627937317	0.01336651825997283	6.000000000000001e-07
15	4.33381462097168	0.014255359476472173	6.4e-07
16	4.328293561935425	0.014251923710290727	6.8e-07
17	4.326679110527039	0.014298713115819576	7.2e-07
18	4.318657398223877	0.015188957868724007	7.6e-07
19	4.31713604927063	0.015164008607686583	8.000000000000001e-07
20	4.306937217712402	0.016055296066006208	8.4e-07
21	4.301998138427734	0.016009555546633476	8.8e-07
22	4.293164134025574	0.017420392281426188	9.2e-07
23	4.290853261947632	0.01801936707597085	9.6e-07
24	4.283588171005249	0.01795942720763723	1.0000000000000002e-06
25	4.2750924825668335	0.01872211279495116	1.04e-06
26	4.271367311477661	0.019155594213330934	1.08e-06
27	4.265806317329407	0.019200031966754575	1.12e-06
28	4.257348418235779	0.01950714598511087	1.16e-06
29	4.25017523765564	0.021406061086555805	1.2000000000000002e-06
30	4.24473762512207	0.021983492468065195	1.24e-06
31	4.235943555831909	0.023109622826893383	1.28e-06
32	4.230435490608215	0.023110144725161832	1.32e-06
33	4.218177080154419	0.02631736826317368	1.36e-06
34	4.218016743659973	0.025484848484848485	1.4000000000000001e-06
35	4.21113646030426	0.028215949793967694	1.44e-06
36	4.202352046966553	0.02903568204588967	1.4800000000000002e-06
37	4.195659637451172	0.031222397554609423	1.52e-06
38	4.191944718360901	0.030315085932527054	1.56e-06
39	4.184027075767517	0.031898132091364016	1.6000000000000001e-06
40	4.186882972717285	0.03215159167279741	1.6400000000000002e-06
41	4.166946291923523	0.034741690028033644	1.68e-06
42	4.173025727272034	0.0339262516238633	1.72e-06
43	4.164755463600159	0.0342119355030642	1.76e-06
44	4.153745174407959	0.03692301561207919	1.8e-06
45	4.148825764656067	0.03625443734028061	1.84e-06
46	4.1487191915512085	0.03672282510941903	1.8800000000000002e-06
47	4.1329240798950195	0.03840045035083134	1.92e-06
48	4.139059662818909	0.035725294065007504	1.96e-06
49	4.131802797317505	0.03792036722881948	2.0000000000000003e-06
50	4.1187983751297	0.04059724211137704	2.0400000000000004e-06
51	4.119493842124939	0.03827204640721537	2.08e-06
52	4.118695139884949	0.038790713616064676	2.12e-06
53	4.109385967254639	0.040570327859086125	2.16e-06
54	4.107389450073242	0.04199736447676816	2.2e-06
55	4.1011306047439575	0.04092183492076117	2.24e-06
56	4.093383431434631	0.04188882729425994	2.28e-06
57	4.0970553159713745	0.04102451049161272	2.32e-06
58	4.0841304063797	0.04576142537551933	2.36e-06
59	4.0813435316085815	0.04691610495071129	2.4000000000000003e-06
60	4.084203600883484	0.043845847440748854	2.4400000000000004e-06
61	4.0695273876190186	0.047961535008528934	2.48e-06
62	4.079359531402588	0.04197018380665376	2.52e-06
63	4.076232314109802	0.044189787293562856	2.56e-06
64	4.068140625953674	0.04718452035900614	2.6e-06
65	4.072870373725891	0.043736899890208604	2.64e-06
66	4.068559288978577	0.04612585078468236	2.68e-06
67	4.062979578971863	0.04644535546445355	2.72e-06
68	4.062279462814331	0.046401111166228484	2.7600000000000003e-06
69	4.057628750801086	0.04950227060840275	2.8000000000000003e-06
70	4.054417252540588	0.04861540918801286	2.8400000000000003e-06
71	4.0544655323028564	0.047665049945721995	2.88e-06
72	4.052862524986267	0.049934335903942806	2.92e-06
73	4.047599196434021	0.05243016453564275	2.9600000000000005e-06
74	4.046602249145508	0.05039671025643591	3e-06
75	4.044662117958069	0.052482353874216826	3.04e-06
76	4.040668249130249	0.05343800811994374	3.08e-06
77	4.034270167350769	0.05558059185819438	3.12e-06
78	4.038448929786682	0.055088989142828816	3.1600000000000007e-06
79	4.0298779010772705	0.056406685236768804	3.2000000000000003e-06
80	4.020664811134338	0.05872346352042339	3.24e-06
81	4.0279860496521	0.0556823185621072	3.2800000000000004e-06
82	4.02729594707489	0.05875017458448892	3.3200000000000004e-06
83	4.023283123970032	0.0581950465939104	3.36e-06
84	4.016088604927063	0.05975349680106531	3.4000000000000005e-06
85	4.018533706665039	0.061615353858456616	3.44e-06
86	4.022846579551697	0.05872021077002914	3.4799999999999997e-06
87	4.019263029098511	0.059302162454656596	3.52e-06
88	4.015838027000427	0.0602408440480097	3.5600000000000002e-06
89	4.017095446586609	0.06165641721907196	3.6e-06
90	4.011481165885925	0.06596002302546695	3.6400000000000003e-06
91	4.010037422180176	0.06516283178733485	3.68e-06
92	4.007736563682556	0.06710413637902535	3.72e-06
93	4.001151382923126	0.06980289774199334	3.7600000000000004e-06
94	4.002347409725189	0.06793502827696357	3.8e-06
95	3.9993690848350525	0.06883700537104023	3.84e-06
96	3.9882078766822815	0.07708457711442786	3.88e-06
97	3.9987142086029053	0.06877869513689013	3.92e-06
98	3.9991904497146606	0.06944375502586148	3.96e-06
99	3.9929463863372803	0.07316565378171255	4.000000000000001e-06
100	3.9938626885414124	0.07346373170634446	4.04e-06
101	3.9857828617095947	0.07704783453136575	4.080000000000001e-06
102	3.9884238243103027	0.07710289750381251	4.12e-06
103	3.98813658952713	0.07600051498915551	4.16e-06
104	3.9727882146835327	0.08400820861905	4.2000000000000004e-06
105	3.969201445579529	0.08776262073085732	4.24e-06
106	3.966091811656952	0.09050370120797123	4.28e-06
107	3.9731714725494385	0.08666068938035465	4.32e-06
108	3.967472493648529	0.08793182589258985	4.360000000000001e-06
109	3.9619054198265076	0.09097892122143192	4.4e-06
110	3.966137707233429	0.09168980306694131	4.440000000000001e-06
111	3.9640133380889893	0.0920831885640542	4.48e-06
112	3.9553498029708862	0.09557893898517686	4.52e-06
113	3.9607074856758118	0.095149197855624	4.56e-06
114	3.963007092475891	0.09563370167949894	4.6e-06
115	3.9483036398887634	0.1024952937877999	4.64e-06
116	3.9407169818878174	0.10234025093184897	4.68e-06
117	3.940055727958679	0.1027241940800975	4.72e-06
118	3.943999469280243	0.10278513925696285	4.76e-06
119	3.9404922127723694	0.10633059672599843	4.800000000000001e-06
120	3.9351381063461304	0.10878382408493548	4.84e-06
121	3.9387311935424805	0.10725786226613833	4.880000000000001e-06
122	3.934874415397644	0.11077994540783558	4.92e-06
123	3.923704206943512	0.11225194391906092	4.96e-06
124	3.9170790910720825	0.11437408011456303	5e-06
125	3.9225165247917175	0.11225593271252629	5.04e-06
126	3.9161760210990906	0.11592136704082247	5.08e-06
127	3.9102763533592224	0.11650718181273348	5.12e-06
128	3.9098398089408875	0.11691363926067559	5.1600000000000006e-06
129	3.9093173146247864	0.11513787057698438	5.2e-06
130	3.9073203206062317	0.11628487547682291	5.240000000000001e-06
131	3.8989429473876953	0.11993268775380647	5.28e-06
132	3.8939388394355774	0.12294747729917352	5.32e-06
133	3.8968069553375244	0.12045159435804415	5.36e-06
134	3.895174741744995	0.12020440017099625	5.4e-06
135	3.8841914534568787	0.1237979221756742	5.44e-06
136	3.8804104924201965	0.1266294598365557	5.48e-06
137	3.8782358169555664	0.12788002456564376	5.5200000000000005e-06
138	3.875108242034912	0.1251852367549504	5.56e-06
139	3.8652936220169067	0.12870841624253818	5.600000000000001e-06
140	3.8658841252326965	0.1282483733184304	5.64e-06
141	3.8578797578811646	0.1310637010137691	5.680000000000001e-06
142	3.863331973552704	0.12832884016593218	5.72e-06
143	3.8623693585395813	0.12899551294115316	5.76e-06
144	3.8553096055984497	0.12922574152859007	5.8e-06
145	3.850111186504364	0.12981833849360228	5.84e-06
146	3.84599906206131	0.13158131132160217	5.8800000000000005e-06
147	3.8489638566970825	0.12998878979375206	5.920000000000001e-06
148	3.839736819267273	0.13247982187586974	5.9600000000000005e-06
149	3.84242981672287	0.13056723633348982	6e-06
150	3.8432735204696655	0.13109411705902935	6.040000000000001e-06
151	3.838453710079193	0.13237096147523836	6.08e-06
152	3.8418694734573364	0.1294840516851902	6.12e-06
153	3.8339864015579224	0.13249342378513082	6.16e-06
154	3.82116836309433	0.1365893957340075	6.2e-06
155	3.8333569765090942	0.13215470707670976	6.24e-06
156	3.820096731185913	0.1359251131803175	6.28e-06
157	3.816362500190735	0.13660441864856537	6.320000000000001e-06
158	3.8224008679389954	0.13368418954209277	6.360000000000001e-06
159	3.8291083574295044	0.131293443780392	6.4000000000000006e-06
160	3.8133127093315125	0.1352382287276113	6.44e-06
161	3.800228178501129	0.13915323942542665	6.48e-06
162	3.8068968057632446	0.135416873301462	6.519999999999999e-06
163	3.8090546131134033	0.1333917860630094	6.560000000000001e-06
164	3.7960952520370483	0.13921952689468134	6.6e-06
165	3.800930142402649	0.13672198136243585	6.640000000000001e-06
166	3.799576222896576	0.13576900766107255	6.68e-06
167	3.7949330806732178	0.13659537180865894	6.72e-06
168	3.8012776374816895	0.13615408462253867	6.76e-06
169	3.7971453070640564	0.13489027179830387	6.800000000000001e-06
170	3.790145695209503	0.13691385708332507	6.840000000000001e-06
171	3.78960120677948	0.1360345586176553	6.88e-06
172	3.791017770767212	0.13513000569368003	6.92e-06
173	3.7894343733787537	0.13623410784743534	6.9599999999999994e-06
174	3.78490149974823	0.13907743593862962	7.000000000000001e-06
175	3.7780274152755737	0.14050303555941024	7.04e-06
176	3.7823253870010376	0.13822926411751826	7.080000000000001e-06
177	3.7826868295669556	0.13835496630821523	7.1200000000000004e-06
178	3.782301187515259	0.1371715417702065	7.16e-06
179	3.7725398540496826	0.13856865541557722	7.2e-06
180	3.7710139751434326	0.13971808040370728	7.240000000000001e-06
181	3.7691701650619507	0.1403405987786108	7.280000000000001e-06
182	3.7899937629699707	0.13505289953066582	7.32e-06
183	3.7717207074165344	0.13969132178360683	7.36e-06
184	3.785578429698944	0.1358323618210624	7.4e-06
185	3.7771618366241455	0.13713131069425177	7.44e-06
186	3.778155028820038	0.13579569817416712	7.480000000000001e-06
187	3.768135130405426	0.13981204441856263	7.520000000000001e-06
188	3.7815886735916138	0.13552989805449017	7.5600000000000005e-06
189	3.771767258644104	0.13743445018213843	7.6e-06
190	3.776775300502777	0.13577601313799906	7.64e-06
191	3.7629149556159973	0.14033995017278791	7.68e-06
192	3.7647513151168823	0.13939969035609048	7.72e-06
193	3.769446313381195	0.137046101593327	7.76e-06
194	3.754089057445526	0.1415001637733377	7.8e-06
195	3.7588266134262085	0.13996560260068197	7.84e-06
196	3.764359772205353	0.1386846771462156	7.879999999999999e-06
197	3.7594990730285645	0.13922710952413922	7.92e-06
198	3.744090497493744	0.14478094326071342	7.96e-06
199	3.76276296377182	0.1392990037210419	8.000000000000001e-06
200	3.757319152355194	0.14037916495578412	8.040000000000001e-06
201	3.7594006061553955	0.1385537961105956	8.08e-06
202	3.759011149406433	0.1388492866614159	8.12e-06
203	3.7600050568580627	0.1378113312644227	8.160000000000001e-06
204	3.739731788635254	0.14572889412610598	8.200000000000001e-06
205	3.7476819157600403	0.14285002540928884	8.24e-06
206	3.7543455362319946	0.1396917726073399	8.28e-06
207	3.7552645206451416	0.1396618545197318	8.32e-06
208	3.7439330220222473	0.1428685290718527	8.36e-06
209	3.752322196960449	0.14084365852680542	8.400000000000001e-06
210	3.7485318183898926	0.14033339643885573	8.44e-06
211	3.7482451796531677	0.13993437753986013	8.48e-06
212	3.742953360080719	0.14323328594597842	8.52e-06
213	3.7384271025657654	0.14314251639833034	8.56e-06
214	3.7463021278381348	0.14187207894236448	8.599999999999999e-06
215	3.7418919801712036	0.14154388117597	8.64e-06
216	3.7519211769104004	0.13888777835525526	8.68e-06
217	3.749619722366333	0.1390508488021577	8.720000000000001e-06
218	3.7382026314735413	0.1436715512284111	8.76e-06
219	3.7553387880325317	0.13819050103336877	8.8e-06
220	3.755027115345001	0.13995914770906762	8.840000000000002e-06
221	3.739152491092682	0.14229728375263107	8.880000000000001e-06
222	3.7374980449676514	0.14207199507046453	8.920000000000001e-06
223	3.745122194290161	0.13997148288973385	8.96e-06
224	3.7502757906913757	0.13894214055127888	9e-06
225	3.7288278937339783	0.14511539992041383	9.04e-06
226	3.730919897556305	0.1428003419415121	9.080000000000001e-06
227	3.7285213470458984	0.1435615947082146	9.12e-06
228	3.736766040325165	0.14224267280184055	9.16e-06
229	3.721315562725067	0.14676954467566683	9.2e-06
230	3.717290937900543	0.14639479964452254	9.24e-06
231	3.7448285818099976	0.13974353844922782	9.28e-06
232	3.726511538028717	0.1425834264729363	9.32e-06
233	3.7268065810203552	0.14228999368402057	9.36e-06
234	3.7397050261497498	0.1405160460583164	9.4e-06
235	3.727157175540924	0.14260152635533235	9.44e-06
236	3.7287434935569763	0.14351180172698438	9.48e-06
237	3.730872690677643	0.1415296355686583	9.52e-06
238	3.730374038219452	0.14231578527478883	9.560000000000002e-06
239	3.730557143688202	0.1424283251768342	9.600000000000001e-06
240	3.717889130115509	0.14483902887585084	9.640000000000001e-06
241	3.7313154339790344	0.1415985207305376	9.68e-06
242	3.7153473496437073	0.14647574891584564	9.72e-06
243	3.7171213030815125	0.14339081318549954	9.760000000000001e-06
244	3.735225558280945	0.1403445978862807	9.800000000000001e-06
245	3.7244555354118347	0.14398135235287085	9.84e-06
246	3.7271262407302856	0.14195139485192804	9.88e-06
247	3.7199193239212036	0.14487713953581594	9.92e-06
248	3.719706177711487	0.14238407283277474	9.96e-06
249	3.7275328636169434	0.14172292191435767	1e-05
250	3.7252912521362305	0.14143674124611216	1.004e-05
251	3.7223662734031677	0.14378253785319717	1.008e-05
252	3.708710551261902	0.14262449044840542	1.012e-05
253	3.7209437489509583	0.14201230720051147	1.016e-05
254	3.711479663848877	0.14395506651075865	1.02e-05
255	3.693241536617279	0.14697292603994	1.024e-05
256	3.7115098237991333	0.14541806950113717	1.0280000000000002e-05
257	3.723089277744293	0.14098167826312327	1.0320000000000001e-05
258	3.7129496335983276	0.14386216655207118	1.036e-05
259	3.701256275177002	0.14660642570281124	1.04e-05
260	3.7118887305259705	0.14306328181754854	1.0440000000000002e-05
261	3.7142183780670166	0.1442775165378178	1.0480000000000001e-05
262	3.7139349579811096	0.14325192545592402	1.0520000000000001e-05
263	3.723238468170166	0.14132702462591962	1.056e-05
264	3.714951992034912	0.14164571610998045	1.06e-05
265	3.710763096809387	0.14309990795156835	1.064e-05
266	3.7012319564819336	0.14626760916428536	1.0680000000000001e-05
267	3.7129400968551636	0.14015818534547084	1.072e-05
268	3.7117868065834045	0.14428893546432509	1.076e-05
269	3.7088698148727417	0.14307637117346939	1.08e-05
270	3.6963582634925842	0.14694318556979502	1.084e-05
271	3.7081249952316284	0.1438738276891529	1.088e-05
272	3.7009876370429993	0.14703916188575705	1.092e-05
273	3.7088093161582947	0.14372760216424577	1.096e-05
274	3.705350637435913	0.1447355234411016	1.1000000000000001e-05
275	3.703176736831665	0.14572213813431054	1.1040000000000001e-05
276	3.7139223217964172	0.14179723824855764	1.108e-05
277	3.7148653268814087	0.14078058143719757	1.112e-05
278	3.7059900760650635	0.14406957355246472	1.1160000000000002e-05
279	3.710532784461975	0.14507116604747058	1.1200000000000001e-05
280	3.7030274868011475	0.14573389471145634	1.124e-05
281	3.710039496421814	0.1425574226906632	1.128e-05
282	3.6958844661712646	0.14726427228653408	1.132e-05
283	3.694226026535034	0.14822010341632544	1.1360000000000001e-05
284	3.702552020549774	0.14417214945373333	1.1400000000000001e-05
285	3.6849321722984314	0.14914620864682313	1.144e-05
286	3.690418541431427	0.14684531546845314	1.148e-05
287	3.7058907747268677	0.14421451241336353	1.152e-05
288	3.696639358997345	0.14654137352768984	1.156e-05
289	3.6928396821022034	0.1463424349246181	1.16e-05
290	3.689577341079712	0.14719265540120674	1.164e-05
291	3.6926926374435425	0.14630561927174873	1.168e-05
292	3.685371696949005	0.14899642041658773	1.172e-05
293	3.694276452064514	0.14652160101651843	1.1760000000000001e-05
294	3.706562042236328	0.14367376154450287	1.18e-05
295	3.7033583521842957	0.14436640794908118	1.1840000000000002e-05
296	3.69689279794693	0.1446705822522262	1.1880000000000001e-05
297	3.708726942539215	0.14284859067099026	1.1920000000000001e-05
298	3.6991403698921204	0.14369669389108225	1.196e-05
299	3.7002865076065063	0.14490080749676004	1.2e-05
300	3.7047590017318726	0.14261385704753463	1.204e-05
301	3.69809752702713	0.14466179305912596	1.2080000000000001e-05
302	3.7087749242782593	0.14194124652639936	1.2120000000000001e-05
303	3.694952607154846	0.14437450039968025	1.216e-05
304	3.6933412551879883	0.14519036379751626	1.22e-05
305	3.687710762023926	0.14835961393335187	1.224e-05
306	3.703933537006378	0.14235805267168772	1.2280000000000001e-05
307	3.710142970085144	0.14181555568746165	1.232e-05
308	3.701709508895874	0.14527685343406183	1.236e-05
309	3.703005075454712	0.1444110275689223	1.24e-05
310	3.679311215877533	0.14858919751234828	1.244e-05
311	3.686679184436798	0.14563992700150757	1.248e-05
312	3.6987534165382385	0.14678917367560887	1.252e-05
313	3.6847570538520813	0.14782295645912918	1.256e-05
314	3.691938042640686	0.14524738349180377	1.2600000000000001e-05
315	3.69877690076828	0.1450347433379525	1.2640000000000003e-05
316	3.6991413235664368	0.14420836596900685	1.268e-05
317	3.6992282271385193	0.14353007206069535	1.2720000000000002e-05
318	3.6993711590766907	0.14388016948141075	1.276e-05
319	3.6967941522598267	0.14372662900787653	1.2800000000000001e-05
320	3.6876626014709473	0.14636084486868825	1.2839999999999999e-05
321	3.685844838619232	0.149323751060538	1.288e-05
322	3.695119321346283	0.14378104976959447	1.2920000000000002e-05
323	3.671616315841675	0.14999850001499984	1.296e-05
324	3.6921430826187134	0.14633415861352927	1.3000000000000001e-05
325	3.6833037734031677	0.14763372945789804	1.3039999999999999e-05
326	3.696982443332672	0.1429750094435277	1.308e-05
327	3.681182384490967	0.14592295998966706	1.3120000000000001e-05
328	3.693177282810211	0.1446236934145102	1.316e-05
329	3.699106454849243	0.1440819552407535	1.32e-05
330	3.6947646737098694	0.14516080777860882	1.324e-05
331	3.6800971627235413	0.1476183365686128	1.3280000000000002e-05
332	3.68742036819458	0.1466782991464007	1.3320000000000001e-05
333	3.696330487728119	0.1447141504261576	1.336e-05
334	3.6941487193107605	0.14483908987394875	1.3400000000000002e-05
335	3.663547992706299	0.15208821116247423	1.344e-05
336	3.690287709236145	0.14485523474366152	1.3480000000000001e-05
337	3.6879125237464905	0.14756441303743698	1.352e-05
338	3.69431734085083	0.14526486356725615	1.356e-05
339	3.675843060016632	0.15036166726611516	1.3600000000000002e-05
340	3.6874616742134094	0.14548187409766034	1.364e-05
341	3.6920653581619263	0.1465994061745926	1.3680000000000001e-05
342	3.694868803024292	0.14343548884445903	1.3719999999999999e-05
343	3.681034743785858	0.14753669290704463	1.376e-05
344	3.6835407614707947	0.14715472285096073	1.3800000000000002e-05
345	3.667666435241699	0.15092603704148166	1.384e-05
346	3.6950441002845764	0.14413855240764842	1.3880000000000001e-05
347	3.6835641264915466	0.1457174860983318	1.3919999999999999e-05
348	3.6909943222999573	0.14457078223598047	1.396e-05
349	3.6888611912727356	0.1453292051181852	1.4000000000000001e-05
350	3.672409236431122	0.14965611829130335	1.4040000000000001e-05
351	3.700197756290436	0.14389604673495518	1.408e-05
352	3.6943488717079163	0.14250807835002194	1.412e-05
353	3.6673961877822876	0.15097194388777554	1.4160000000000002e-05
354	3.6932180523872375	0.14507237079507637	1.42e-05
355	3.6866760849952698	0.14559592705288069	1.4240000000000001e-05
356	3.6939611434936523	0.14368571571923136	1.4280000000000002e-05
357	3.694350302219391	0.14355997733891246	1.432e-05
358	3.686262309551239	0.1454248366013072	1.4360000000000001e-05
359	3.6963289380073547	0.14272555242948828	1.44e-05
360	3.6901638507843018	0.14375277681789012	1.444e-05
361	3.694891631603241	0.1441893041172645	1.4480000000000002e-05
362	3.689500570297241	0.14535611805192628	1.452e-05
363	3.6878227591514587	0.14476284584980237	1.4560000000000001e-05
364	3.6833543181419373	0.14689570945201913	1.4599999999999999e-05
365	3.6881895065307617	0.14448434071414323	1.464e-05
366	3.6696417927742004	0.15066067838316347	1.4680000000000002e-05
367	3.6712839007377625	0.14915702939947054	1.472e-05
368	3.6871674060821533	0.14577674298279653	1.4760000000000001e-05
369	3.6950859427452087	0.1421028466483012	1.48e-05
370	3.6847487092018127	0.1468517481398512	1.4840000000000002e-05
371	3.684637427330017	0.14582068306473286	1.488e-05
372	3.6829760670661926	0.14619633242604255	1.4920000000000001e-05
373	3.683086931705475	0.1457083433325334	1.4960000000000002e-05
374	3.6873626708984375	0.1457156191970448	1.5e-05
375	3.6803728342056274	0.14635084742418564	1.5040000000000002e-05
376	3.683209002017975	0.1452743461657344	1.508e-05
377	3.6819390654563904	0.14544835732447095	1.5120000000000001e-05
378	3.6815701127052307	0.14513203387282658	1.5160000000000002e-05
379	3.6781739592552185	0.14736316918624956	1.52e-05
380	3.665556013584137	0.14956999378545796	1.5240000000000001e-05
381	3.6902992129325867	0.14452221424583234	1.528e-05
382	3.683226227760315	0.14628208837585177	1.5320000000000002e-05
383	3.6817148327827454	0.14592389686178764	1.536e-05
384	3.6838066577911377	0.14605428725507819	1.54e-05
385	3.6897826194763184	0.14410693313693096	1.544e-05
386	3.692297101020813	0.14274287885301792	1.548e-05
387	3.6815792322158813	0.14622100274382638	1.552e-05
388	3.699754476547241	0.14121687733381258	1.556e-05
389	3.6749333143234253	0.14756252987095747	1.56e-05
390	3.6849226355552673	0.14486718593968445	1.5640000000000003e-05
391	3.6709765791893005	0.14747917229239801	1.568e-05
392	3.672040104866028	0.14676718757801188	1.5720000000000002e-05
393	3.6993637681007385	0.14327604544596084	1.5759999999999998e-05
394	3.670012056827545	0.1475285852182826	1.58e-05
395	3.660801589488983	0.15184228821134174	1.584e-05
396	3.685123920440674	0.14655938345429315	1.588e-05
397	3.674800217151642	0.14636993076162216	1.592e-05
398	3.655196964740753	0.15320517287723875	1.596e-05
399	3.6871784925460815	0.14578180409452574	1.6000000000000003e-05
400	3.6767579317092896	0.14821953739766314	1.604e-05
401	3.6702463626861572	0.14806288102601597	1.6080000000000002e-05
402	3.6779282689094543	0.14732614458551754	1.612e-05
403	3.6815916895866394	0.14621962240915276	1.616e-05
404	3.672418534755707	0.14890695429805273	1.62e-05
405	3.696591854095459	0.14248128512142333	1.624e-05
406	3.6747853755950928	0.1477132508060343	1.628e-05
407	3.6879013776779175	0.1442902169959995	1.6320000000000003e-05
408	3.689205765724182	0.14386586941498153	1.636e-05
409	3.6778634786605835	0.14652863823494144	1.6400000000000002e-05
410	3.684696137905121	0.14487410071942447	1.644e-05
411	3.677642822265625	0.1459827869260236	1.648e-05
412	3.6806886792182922	0.14623487558590073	1.652e-05
413	3.668209135532379	0.14836206297696666	1.656e-05
414	3.688965678215027	0.14357784280092825	1.66e-05
415	3.665145993232727	0.14890468908263987	1.664e-05
416	3.6813841462135315	0.1446517091039398	1.668e-05
417	3.6693285703659058	0.1498390283530745	1.672e-05
418	3.675902485847473	0.14611401019861506	1.6760000000000002e-05
419	3.692281424999237	0.1435108896344974	1.6800000000000002e-05
420	3.6834123730659485	0.1476943951154299	1.684e-05
421	3.6668235659599304	0.14703847902132453	1.688e-05
422	3.683184325695038	0.14656851915081645	1.692e-05
423	3.677663028240204	0.1492063492063492	1.696e-05
424	3.6792423129081726	0.14601880190212244	1.7000000000000003e-05
425	3.6725425124168396	0.14821511078969044	1.704e-05
426	3.6633113026618958	0.14763753980693015	1.7080000000000002e-05
427	3.663074553012848	0.15055609090179073	1.712e-05
428	3.6910900473594666	0.14240772652586864	1.7160000000000002e-05
429	3.683342218399048	0.1450955097990573	1.7199999999999998e-05
430	3.675879955291748	0.14575734019015726	1.724e-05
431	3.6603684425354004	0.15125598622049205	1.728e-05
432	3.6691701412200928	0.1494680003188013	1.732e-05
433	3.683753490447998	0.1460790358186989	1.736e-05
434	3.6580883264541626	0.15115687896882757	1.74e-05
435	3.6788164377212524	0.14599850411368737	1.7440000000000002e-05
436	3.672759711742401	0.14877366287927823	1.7480000000000002e-05
437	3.686040163040161	0.14366059298329736	1.752e-05
438	3.687244474887848	0.14477251735542115	1.756e-05
439	3.667747437953949	0.14881012049158965	1.76e-05
440	3.681058943271637	0.14417583291104022	1.764e-05
441	3.662982940673828	0.14931208104278262	1.7680000000000004e-05
442	3.6769993901252747	0.14600940838781692	1.772e-05
443	3.6781371235847473	0.14817161925320077	1.7760000000000003e-05
444	3.672297239303589	0.14702557792915805	1.78e-05
445	3.673408269882202	0.1463604826696792	1.7840000000000002e-05
446	3.664933443069458	0.14912594713919217	1.7879999999999998e-05
447	3.6826894879341125	0.14475261769642714	1.792e-05
448	3.674010694026947	0.14726914498884855	1.796e-05
449	3.6861963868141174	0.14412075953916498	1.8e-05
450	3.656476676464081	0.15048733726147576	1.804e-05
451	3.665840744972229	0.1469641514163951	1.808e-05
452	3.667796015739441	0.1492258006097009	1.812e-05
453	3.6735162138938904	0.1483237792250668	1.8160000000000002e-05
454	3.683890461921692	0.14223144764023518	1.8200000000000002e-05
455	3.6773986220359802	0.14439107653223246	1.824e-05
456	3.6847829818725586	0.1444539554883147	1.828e-05
457	3.678805112838745	0.14491543119649197	1.832e-05
458	3.691528797149658	0.14374514374514374	1.8360000000000004e-05
459	3.6648492217063904	0.14964662907964743	1.84e-05
460	3.6826635599136353	0.14496704613541042	1.8440000000000003e-05
461	3.678173542022705	0.14648285124579058	1.848e-05
462	3.670756757259369	0.14777688276301004	1.8520000000000002e-05
463	3.672089695930481	0.1478625649220935	1.856e-05
464	3.6716986298561096	0.14732405313032473	1.86e-05
465	3.6792271733283997	0.1438974512444511	1.864e-05
466	3.6773186922073364	0.1449725340339145	1.868e-05
467	3.6770092844963074	0.14533708927664912	1.872e-05
468	3.6692453622817993	0.14847951696423217	1.876e-05
469	3.6778630018234253	0.14468358625676667	1.88e-05
470	3.6621099710464478	0.15025628799618548	1.8840000000000003e-05
471	3.6854764223098755	0.14380408033658806	1.888e-05
472	3.668730080127716	0.1489171557091364	1.8920000000000002e-05
473	3.683530628681183	0.14578567128236003	1.896e-05
474	3.6671301126480103	0.15035975524684592	1.9e-05
475	3.6841384172439575	0.1428671112573143	1.904e-05
476	3.6799384355545044	0.14682345418760553	1.908e-05
477	3.670605421066284	0.14939079107424172	1.9120000000000003e-05
478	3.684359312057495	0.1442501114799584	1.916e-05
479	3.654049336910248	0.15158716686470888	1.9200000000000003e-05
480	3.6652321219444275	0.14765221029978778	1.924e-05
481	3.684559643268585	0.14438689460395399	1.9280000000000002e-05
482	3.667553722858429	0.14810293764508126	1.932e-05
483	3.666658341884613	0.14792179695522567	1.936e-05
484	3.6861076951026917	0.14305853447320988	1.94e-05
485	3.676913857460022	0.14545091381204434	1.944e-05
486	3.663579285144806	0.14800342895875282	1.948e-05
487	3.6666038036346436	0.14915878546540567	1.9520000000000003e-05
488	3.6712960600852966	0.14641882126224506	1.956e-05
489	3.67756587266922	0.14650361866733216	1.9600000000000002e-05
490	3.666431427001953	0.1473870290575627	1.9640000000000002e-05
491	3.66054105758667	0.14985345750267579	1.968e-05
492	3.6656036376953125	0.1493314691924463	1.972e-05
493	3.683586597442627	0.14482523853863175	1.976e-05
494	3.682961106300354	0.14487350730647316	1.9800000000000004e-05
495	3.6502615809440613	0.15094640843735344	1.984e-05
496	3.666580319404602	0.1482295579889697	1.9880000000000003e-05
497	3.6641480922698975	0.14709210908471793	1.992e-05
498	3.6859413981437683	0.14301570952871415	1.9960000000000002e-05
499	3.681981861591339	0.14364370854321482	2e-05
500	3.6717217564582825	0.14710815988248022	2.004e-05
501	3.6798821091651917	0.14589973489023264	2.008e-05
502	3.6691945791244507	0.14669035895806862	2.012e-05
503	3.662573754787445	0.1480900416050204	2.016e-05
504	3.6584030389785767	0.14909076311669545	2.0200000000000003e-05
505	3.67769992351532	0.14690734486915116	2.024e-05
506	3.6781781911849976	0.14598138324492044	2.0280000000000002e-05
507	3.6816883087158203	0.14490082586995287	2.032e-05
508	3.6778547167778015	0.14574086339327197	2.036e-05
509	3.6684758067131042	0.14795189330793046	2.04e-05
510	3.6762580275535583	0.1451067606785611	2.044e-05
511	3.6719037890434265	0.14753200724767537	2.048e-05
512	3.6513542532920837	0.1525781615720959	2.052e-05
513	3.663493037223816	0.14823203976908275	2.0560000000000003e-05
514	3.6735544204711914	0.14509980489269098	2.06e-05
515	3.6698325872421265	0.14641041265021126	2.0640000000000002e-05
516	3.6508249044418335	0.1513020547192616	2.0680000000000002e-05
517	3.6700260043144226	0.1469247611464968	2.072e-05
518	3.6770225763320923	0.14473315730516884	2.076e-05
519	3.6798956990242004	0.1431318928989993	2.08e-05
520	3.65254670381546	0.15175467268891332	2.084e-05
521	3.672712743282318	0.14616129450871956	2.0880000000000003e-05
522	3.6792377829551697	0.1433360775250697	2.092e-05
523	3.661374807357788	0.14710430488352372	2.0960000000000003e-05
524	3.6734028458595276	0.1468731841224678	2.1e-05
525	3.675158143043518	0.1464652949950118	2.1040000000000002e-05
526	3.6690680384635925	0.14738086412950924	2.1079999999999998e-05
527	3.6783499121665955	0.1450143791897552	2.112e-05
528	3.6703988909721375	0.14740778311503616	2.116e-05
529	3.6746819615364075	0.14533979420914095	2.12e-05
530	3.669427752494812	0.1480121045611101	2.124e-05
531	3.6588640213012695	0.15015952281869885	2.128e-05
532	3.6784982085227966	0.14559904033588245	2.1320000000000003e-05
533	3.672205150127411	0.1469640644361834	2.1360000000000002e-05
534	3.6592524647712708	0.14833716168980327	2.1400000000000002e-05
535	3.6611329317092896	0.1488416721071478	2.144e-05
536	3.6651731133461	0.1482382263673092	2.148e-05
537	3.6618486046791077	0.14850994689704367	2.152e-05
538	3.6675897240638733	0.1462435633111224	2.1560000000000004e-05
539	3.6618285179138184	0.1490232075509349	2.16e-05
540	3.670185685157776	0.1459531357822204	2.1640000000000003e-05
541	3.671742618083954	0.1448244204728024	2.168e-05
542	3.669597864151001	0.1464333888756645	2.1720000000000002e-05
543	3.6585110425949097	0.14920807422165872	2.176e-05
544	3.67698073387146	0.14545978038561586	2.18e-05
545	3.667331635951996	0.1469766694130177	2.184e-05
546	3.673531472682953	0.14664441602046527	2.188e-05
547	3.669952690601349	0.14845982851698952	2.192e-05
548	3.672500967979431	0.1448406374501992	2.196e-05
549	3.6910224556922913	0.1422210241511167	2.2000000000000003e-05
550	3.6684091687202454	0.14779924317864968	2.2040000000000002e-05
551	3.6572322249412537	0.14986754635877442	2.2080000000000002e-05
552	3.6820292472839355	0.14275888878921084	2.212e-05
553	3.6648409962654114	0.14814333289996098	2.216e-05
554	3.6667287945747375	0.14552908786210197	2.22e-05
555	3.669359564781189	0.14682287529785545	2.224e-05
556	3.664976179599762	0.14682205091142697	2.228e-05
557	3.643737316131592	0.1530273652227797	2.2320000000000003e-05
558	3.6775713562965393	0.14519321629283335	2.236e-05
559	3.6682254672050476	0.1474555487431024	2.2400000000000002e-05
560	3.644411087036133	0.15273337437200898	2.244e-05
561	3.6607354283332825	0.14918889635730695	2.248e-05
562	3.6711596846580505	0.14592647293629252	2.252e-05
563	3.681029796600342	0.14368420525456493	2.256e-05
564	3.6482215523719788	0.1514104092173222	2.26e-05
565	3.6647003889083862	0.1493835029779097	2.264e-05
566	3.658026397228241	0.1486208601087494	2.268e-05
567	3.654864192008972	0.15068042470465082	2.2720000000000003e-05
568	3.6676985025405884	0.14705619139479154	2.2760000000000002e-05
569	3.6674017310142517	0.14648081122311626	2.2800000000000002e-05
570	3.6632113456726074	0.14823821339950372	2.284e-05
571	3.6737088561058044	0.1457387897083225	2.288e-05
572	3.677781820297241	0.14448551757121647	2.292e-05
573	3.6679834723472595	0.14669733486674333	2.296e-05
574	3.6591079235076904	0.14867804050683428	2.3000000000000003e-05
575	3.6812484860420227	0.14379364968666872	2.304e-05
576	3.683229684829712	0.14282878608930397	2.3080000000000003e-05
577	3.656761944293976	0.14982293381216022	2.312e-05
578	3.6650670170783997	0.14775239133667048	2.3160000000000002e-05
579	3.654828369617462	0.14942528735632185	2.32e-05
580	3.6704426407814026	0.14567493112947658	2.324e-05
581	3.661733388900757	0.14898927372309764	2.328e-05
582	3.6664347052574158	0.14736591841182414	2.332e-05
583	3.6829439401626587	0.1442947043457611	2.336e-05
584	3.6653934121131897	0.14757583924774653	2.3400000000000003e-05
585	3.6792810559272766	0.14543827375329388	2.344e-05
586	3.6786675453186035	0.144545536079084	2.3480000000000002e-05
587	3.678944408893585	0.14404966818231565	2.3520000000000002e-05
588	3.662963092327118	0.14790471637985977	2.356e-05
589	3.6649190187454224	0.1477990554570273	2.36e-05
590	3.6679620146751404	0.14579239768998295	2.364e-05
591	3.6740262508392334	0.14476650083906778	2.3680000000000004e-05
592	3.662111461162567	0.14748467237832763	2.372e-05
593	3.654960334300995	0.15039968420013816	2.3760000000000003e-05
594	3.67141193151474	0.14550074020725803	2.38e-05
595	3.6639126539230347	0.14687878818237374	2.3840000000000002e-05
596	3.6737605929374695	0.14648792068146907	2.3880000000000002e-05
597	3.6806490421295166	0.14390187316541755	2.392e-05
598	3.6425195932388306	0.15195688489380318	2.396e-05
599	3.6713192462921143	0.14541456036301398	2.4e-05
600	3.6540427207946777	0.1489448496124648	2.404e-05
601	3.6774410009384155	0.14403279895712054	2.408e-05
602	3.6563122272491455	0.1489163133805264	2.412e-05
603	3.6568167209625244	0.14834029020075531	2.4160000000000002e-05
604	3.661826431751251	0.14756755668317828	2.4200000000000002e-05
605	3.66980117559433	0.1468621245596226	2.4240000000000002e-05
606	3.643401026725769	0.15189358217104285	2.428e-05
607	3.6602949500083923	0.14932603201347935	2.432e-05
608	3.666911780834198	0.1471893270862906	2.4360000000000004e-05
609	3.651209771633148	0.15056792639434172	2.44e-05
610	3.6670361757278442	0.14670583885441338	2.4440000000000003e-05
611	3.6518853306770325	0.150389903447725	2.448e-05
612	3.664270579814911	0.14810372058617724	2.4520000000000002e-05
613	3.6651644110679626	0.14584599444073607	2.4560000000000002e-05
614	3.66810804605484	0.14582161510646846	2.46e-05
615	3.660242974758148	0.14812778083287506	2.464e-05
616	3.680830419063568	0.14318489205029306	2.468e-05
617	3.661501109600067	0.1480931844665996	2.472e-05
618	3.661964178085327	0.14932839092829528	2.476e-05
619	3.679446041584015	0.14313038576145606	2.48e-05
620	3.6707276105880737	0.14502101535776263	2.4840000000000003e-05
621	3.663860261440277	0.14751512489267815	2.488e-05
622	3.6567147374153137	0.14896676185943203	2.4920000000000002e-05
623	3.6637860536575317	0.1468586596415599	2.496e-05
624	3.6677424907684326	0.1475942261427426	2.5e-05
625	3.6725154519081116	0.14624446536974336	2.504e-05
626	3.673563063144684	0.14437587099343022	2.5080000000000004e-05
627	3.6748076677322388	0.14607438223146693	2.512e-05
628	3.6751394867897034	0.14589708066300544	2.516e-05
629	3.664299726486206	0.14749297676126943	2.5200000000000003e-05
630	3.673419773578644	0.1435012314292524	2.5240000000000002e-05
631	3.6679208874702454	0.14659244264507423	2.5280000000000005e-05
632	3.650852680206299	0.1507264284433107	2.5319999999999998e-05
633	3.668782949447632	0.14708543363060617	2.536e-05
634	3.653954565525055	0.14839770585168252	2.54e-05
635	3.660048723220825	0.14765709953211822	2.5440000000000004e-05
636	3.6582489609718323	0.14979821474722171	2.5480000000000003e-05
637	3.659965455532074	0.14740118705648025	2.552e-05
638	3.674656569957733	0.1444487435141919	2.556e-05
639	3.665798306465149	0.14772046190114677	2.5600000000000002e-05
640	3.6365429162979126	0.15309812986340132	2.5640000000000002e-05
641	3.6653626561164856	0.14693047704056333	2.5679999999999998e-05
642	3.6740070581436157	0.1448831700658423	2.572e-05
643	3.6418874859809875	0.15195604264103152	2.576e-05
644	3.660622715950012	0.14874419163595579	2.58e-05
645	3.6487863063812256	0.15098562279571182	2.5840000000000003e-05
646	3.672939896583557	0.14629574234719314	2.588e-05
647	3.670098602771759	0.1467397271211985	2.592e-05
648	3.6584243178367615	0.14658885369095323	2.5960000000000002e-05
649	3.654421389102936	0.15006828081857237	2.6000000000000002e-05
650	3.6626113653182983	0.14864231041743592	2.6040000000000005e-05
651	3.642250180244446	0.1524546260067899	2.6079999999999998e-05
652	3.6505226492881775	0.14966284524746262	2.612e-05
653	3.668463349342346	0.14631313532401524	2.616e-05
654	3.6675309538841248	0.14798598949211908	2.6200000000000003e-05
655	3.658853530883789	0.14714133985290875	2.6240000000000003e-05
656	3.6455037593841553	0.15262176041081602	2.628e-05
657	3.6369953751564026	0.15210372162299948	2.632e-05
658	3.671989381313324	0.14627800097698113	2.6360000000000002e-05
659	3.6726532578468323	0.1434004761575469	2.64e-05
660	3.663955867290497	0.14693759418756674	2.6440000000000004e-05
661	3.6621058583259583	0.14708186641543114	2.648e-05
662	3.6321210861206055	0.15479152303588023	2.652e-05
663	3.6516700983047485	0.14982762400111596	2.6560000000000003e-05
664	3.6524569988250732	0.14874584105353336	2.6600000000000003e-05
665	3.6572492718696594	0.14753902159277912	2.6640000000000002e-05
666	3.6594967246055603	0.1467258490848337	2.668e-05
667	3.6782506704330444	0.14397800698318416	2.672e-05
668	3.664568245410919	0.14775946690076214	2.676e-05
669	3.6607298851013184	0.14708836839226216	2.6800000000000004e-05
670	3.6773074865341187	0.1447293617785225	2.6840000000000004e-05
671	3.6550480723381042	0.14978461170276414	2.688e-05
672	3.669856548309326	0.1459177073486243	2.692e-05
673	3.669368088245392	0.14578964029915714	2.6960000000000003e-05
674	3.6542853116989136	0.14864608975572807	2.7000000000000002e-05
675	3.6779860258102417	0.14467825373477822	2.704e-05
676	3.674343228340149	0.14489638833631557	2.7079999999999998e-05
677	3.6331973671913147	0.1533449990608101	2.712e-05
678	3.678404211997986	0.14335804047709427	2.716e-05
679	3.6668890714645386	0.14585044370104766	2.7200000000000004e-05
680	3.6489654183387756	0.15076852397455232	2.724e-05
681	3.6631662249565125	0.14838073024132054	2.728e-05
682	3.661647081375122	0.14674403222897	2.7320000000000003e-05
683	3.6537415981292725	0.1492476251297198	2.7360000000000002e-05
684	3.6655102372169495	0.1460068300281589	2.7400000000000002e-05
685	3.667298138141632	0.14700291597416426	2.7439999999999998e-05
686	3.66649466753006	0.14506767893711603	2.748e-05
687	3.6767002940177917	0.14513809988236123	2.752e-05
688	3.662229597568512	0.14863541491497928	2.7560000000000004e-05
689	3.6638343334198	0.14668829359551008	2.7600000000000003e-05
690	3.6635234355926514	0.14785763407851854	2.764e-05
691	3.645460069179535	0.14965788761883772	2.768e-05
692	3.6446826457977295	0.14990722451666966	2.7720000000000002e-05
693	3.669274687767029	0.14466744434141915	2.7760000000000002e-05
694	3.649120807647705	0.14955294775076838	2.7800000000000005e-05
695	3.637254059314728	0.15363016446048938	2.7839999999999998e-05
696	3.6710270643234253	0.14656690578765658	2.788e-05
697	3.661839246749878	0.1478815901894758	2.792e-05
698	3.6503191590309143	0.15035761694371247	2.7960000000000003e-05
699	3.6599572896957397	0.14759758415171687	2.8000000000000003e-05
700	3.6591222286224365	0.14796076200740452	2.804e-05
701	3.648706316947937	0.15215223123031194	2.8080000000000002e-05
702	3.6361562609672546	0.15288784852061615	2.8120000000000002e-05
703	3.6678346395492554	0.1454983522665047	2.816e-05
704	3.664724588394165	0.14685560487677507	2.8199999999999998e-05
705	3.6689153909683228	0.14605456787177346	2.824e-05
706	3.6606858372688293	0.1490988530857455	2.828e-05
707	3.6657485365867615	0.1483542094354031	2.8320000000000003e-05
708	3.6588199138641357	0.14849438202247192	2.8360000000000003e-05
709	3.6580734252929688	0.15009678163455656	2.84e-05
710	3.667128086090088	0.14575404317380403	2.844e-05
711	3.667077600955963	0.1458982658035643	2.8480000000000002e-05
712	3.6473746299743652	0.15127018471771447	2.852e-05
713	3.6649529933929443	0.14826327611102197	2.8560000000000004e-05
714	3.649687945842743	0.14865740694578775	2.86e-05
715	3.6563873291015625	0.1501826425255155	2.864e-05
716	3.6735540628433228	0.14470387017222863	2.868e-05
717	3.6724418997764587	0.14519978827735666	2.8720000000000003e-05
718	3.6694054007530212	0.1461240039492974	2.8760000000000002e-05
719	3.6604909896850586	0.14717674244070073	2.88e-05
720	3.6360166668891907	0.15083877448518332	2.8840000000000002e-05
721	3.6590309739112854	0.14692315439621312	2.888e-05
722	3.653832495212555	0.1489087549318284	2.8920000000000004e-05
723	3.661164700984955	0.14743986425790997	2.8960000000000004e-05
724	3.655667304992676	0.14798085282860485	2.9e-05
725	3.6646689772605896	0.1480160276587028	2.904e-05
726	3.652827024459839	0.1482740064575278	2.9080000000000003e-05
727	3.6554980278015137	0.14825468164794006	2.9120000000000002e-05
728	3.6737536787986755	0.14481629719829522	2.9160000000000005e-05
729	3.6733579635620117	0.14444910012370804	2.9199999999999998e-05
730	3.6484020352363586	0.14911699888327784	2.924e-05
731	3.658501982688904	0.1483758211293919	2.928e-05
732	3.6648287177085876	0.14473855652330792	2.9320000000000004e-05
733	3.668952465057373	0.14524937756003534	2.9360000000000003e-05
734	3.672294795513153	0.14559539179660344	2.94e-05
735	3.6475284099578857	0.1510021385587109	2.944e-05
736	3.6604978442192078	0.14820317485641352	2.9480000000000002e-05
737	3.657021641731262	0.1465523265680999	2.9520000000000002e-05
738	3.6691028475761414	0.14533124257163688	2.9559999999999998e-05
739	3.6727582216262817	0.1432744773769323	2.96e-05
740	3.6384416222572327	0.1547774739428526	2.964e-05
741	3.6531092524528503	0.15097191150882425	2.9680000000000004e-05
742	3.6726099252700806	0.14458917835671342	2.9720000000000003e-05
743	3.672106087207794	0.14442734888024056	2.976e-05
744	3.6431660652160645	0.1508414297351533	2.98e-05
745	3.6584047079086304	0.14985390288020037	2.9840000000000002e-05
746	3.6653213500976562	0.14625663371878028	2.9880000000000002e-05
747	3.650851011276245	0.1494327164974594	2.9920000000000005e-05
748	3.6336212158203125	0.15212179333493167	2.9959999999999998e-05
749	3.648599922657013	0.1496507549488873	3e-05
750	3.660783350467682	0.14782434930309238	3.004e-05
751	3.659551978111267	0.14781343722288096	3.0080000000000003e-05
752	3.6719000935554504	0.1447958837724109	3.0120000000000003e-05
753	3.660689890384674	0.14976563506456184	3.016e-05
754	3.6642229557037354	0.1462581328791135	3.02e-05
755	3.6797494292259216	0.1435402390836793	3.0240000000000002e-05
756	3.668712079524994	0.14581174782816608	3.028e-05
757	3.66546368598938	0.14650930225650266	3.0320000000000004e-05
758	3.632040500640869	0.15400990049301644	3.036e-05
759	3.655527114868164	0.15058374315301268	3.04e-05
760	3.6384745836257935	0.15232581353563585	3.0440000000000003e-05
761	3.6668237447738647	0.14587998765837587	3.0480000000000003e-05
762	3.659963011741638	0.14644071185762847	3.0520000000000006e-05
763	3.6615381836891174	0.14879993636779415	3.056e-05
764	3.664365291595459	0.1477964328467814	3.06e-05
765	3.6715105175971985	0.1442981282760124	3.0640000000000005e-05
766	3.662834107875824	0.1476321733852109	3.0680000000000004e-05
767	3.670157730579376	0.14531232895797466	3.072e-05
768	3.648816466331482	0.15078864353312302	3.076e-05
769	3.6619887948036194	0.14712151384455274	3.08e-05
770	3.6675791144371033	0.14588959491660047	3.084e-05
771	3.6652534008026123	0.14544262555626192	3.088e-05
772	3.676309585571289	0.1444994906010907	3.092e-05
773	3.6536277532577515	0.14826476420123355	3.096e-05
774	3.665714204311371	0.14626524010947997	3.1e-05
775	3.6613634824752808	0.14765914786967418	3.104e-05
776	3.6698027849197388	0.14556646811562443	3.108e-05
777	3.6705334186553955	0.14626056990328976	3.112e-05
778	3.6569154262542725	0.14958277736841058	3.116e-05
779	3.666257321834564	0.1441097369552394	3.12e-05
780	3.6461814641952515	0.1508561918511389	3.1240000000000006e-05
781	3.666707694530487	0.14491338865037703	3.1280000000000005e-05
782	3.633589446544647	0.1531000286445215	3.132e-05
783	3.6599133610725403	0.14865066645430383	3.136e-05
784	3.6582552790641785	0.1478929260386214	3.1400000000000004e-05
785	3.650772273540497	0.1496470588235294	3.1440000000000004e-05
786	3.6701467037200928	0.14556113567698434	3.1480000000000004e-05
787	3.671724796295166	0.145578541931385	3.1519999999999996e-05
788	3.6733651161193848	0.14241625217234974	3.156e-05
789	3.651000201702118	0.14885339680571252	3.16e-05
790	3.65730220079422	0.14818525160036466	3.164e-05
791	3.64434552192688	0.15066984400344435	3.168e-05
792	3.672396659851074	0.14472495507748515	3.172e-05
793	3.653097987174988	0.14953867637524312	3.176e-05
794	3.651461362838745	0.14941401412706432	3.18e-05
795	3.663899838924408	0.14739804209107843	3.184e-05
796	3.6484374403953552	0.1511207664661067	3.188e-05
797	3.668795347213745	0.14644049445096094	3.192e-05
798	3.6593878269195557	0.14770924978304456	3.196e-05
799	3.665896236896515	0.1458456839122615	3.2000000000000005e-05
800	3.6615012884140015	0.14819533334670867	3.2040000000000005e-05
801	3.6730664372444153	0.1455603062543502	3.208e-05
802	3.6665176153182983	0.14500868701911143	3.212e-05
803	3.66898250579834	0.14507720072187688	3.2160000000000004e-05
804	3.658401370048523	0.14729745853716741	3.2200000000000003e-05
805	3.6584284901618958	0.14848282128343634	3.224e-05
806	3.6791152954101562	0.14303210132228772	3.2279999999999996e-05
807	3.661907196044922	0.14614737010904427	3.232e-05
808	3.6572091579437256	0.14741390519819558	3.236e-05
809	3.67073255777359	0.14456842631973982	3.24e-05
810	3.669822871685028	0.14387036497523634	3.244e-05
811	3.656466066837311	0.14828806617091503	3.248e-05
812	3.6573325395584106	0.14624811612596178	3.252e-05
813	3.6605663299560547	0.14542680478599534	3.256e-05
814	3.6569674611091614	0.14837507721123	3.26e-05
815	3.657141387462616	0.14854551487667295	3.2640000000000006e-05
816	3.66811341047287	0.14502734858466085	3.268e-05
817	3.653523325920105	0.14915768126418089	3.272e-05
818	3.6485820412635803	0.14880690675086933	3.2760000000000005e-05
819	3.6629199981689453	0.14646309118181727	3.2800000000000004e-05
820	3.6644981503486633	0.14682618942995246	3.2840000000000004e-05
821	3.6587904691696167	0.14647441007653061	3.288e-05
822	3.6562440395355225	0.14832126660832207	3.292e-05
823	3.650579571723938	0.14884478672985782	3.296e-05
824	3.6633813977241516	0.1468071296619901	3.3e-05
825	3.656128704547882	0.14805016559419973	3.304e-05
826	3.6678704619407654	0.145392832185285	3.308e-05
827	3.6572174429893494	0.14567965489285464	3.312e-05
828	3.646138072013855	0.1499312516190742	3.316e-05
829	3.6532123684883118	0.14845837461346784	3.32e-05
830	3.6637468338012695	0.14621008847615533	3.324e-05
831	3.662381112575531	0.14696472806410527	3.328e-05
832	3.65403288602829	0.14786062285537072	3.332e-05
833	3.6676143407821655	0.14554710928237674	3.336e-05
834	3.6465417742729187	0.1488978991513128	3.3400000000000005e-05
835	3.666598856449127	0.14670327459972646	3.344e-05
836	3.665116548538208	0.14623526460998243	3.348e-05
837	3.658315658569336	0.14848950840815517	3.3520000000000004e-05
838	3.6625359058380127	0.14611091105509544	3.3560000000000004e-05
839	3.6556668281555176	0.1476678560485505	3.3600000000000004e-05
840	3.65496027469635	0.1458007929832993	3.3639999999999996e-05
841	3.6612146496772766	0.1450366395707364	3.368e-05
842	3.6465964913368225	0.14918959593659342	3.372e-05
843	3.656195819377899	0.14753339771446966	3.376e-05
844	3.6626176238059998	0.1464743908503232	3.38e-05
845	3.6638951897621155	0.14553691442226316	3.384e-05
846	3.652501881122589	0.150132604837584	3.388e-05
847	3.6566892862319946	0.14846092344593245	3.392e-05
848	3.6491063237190247	0.1490195294540948	3.396e-05
849	3.657576024532318	0.1470811599416432	3.4000000000000007e-05
850	3.6632027626037598	0.145356176735798	3.404e-05
851	3.6580792665481567	0.14859926918392205	3.408e-05
852	3.664454758167267	0.1465832081123307	3.412e-05
853	3.649079442024231	0.14991172862286678	3.4160000000000005e-05
854	3.6598631143569946	0.14856545128511656	3.4200000000000005e-05
855	3.6403573155403137	0.1515365841510186	3.424e-05
856	3.6526034474372864	0.14787339268051433	3.4280000000000004e-05
857	3.659855365753174	0.1458798554019006	3.4320000000000003e-05
858	3.6450902223587036	0.1508834801652481	3.436e-05
859	3.6651307940483093	0.14819600437332273	3.4399999999999996e-05
860	3.6513054966926575	0.14926759839484452	3.444e-05
861	3.6614949107170105	0.14638775673299767	3.448e-05
862	3.652277648448944	0.1465878859739147	3.452e-05
863	3.6609275341033936	0.14798953128717582	3.456e-05
864	3.6619672775268555	0.14627167143578523	3.46e-05
865	3.6673088669776917	0.1465160374455243	3.464e-05
866	3.661267638206482	0.1475015170959302	3.468e-05
867	3.666896641254425	0.1460702149498251	3.472e-05
868	3.647009313106537	0.15015987170420247	3.4760000000000006e-05
869	3.65044367313385	0.14961862705740667	3.48e-05
870	3.6623603105545044	0.14645218201460955	3.484e-05
871	3.657735288143158	0.14696348174087043	3.4880000000000005e-05
872	3.654744327068329	0.14913165489898436	3.4920000000000004e-05
873	3.642775535583496	0.1515562379119893	3.4960000000000004e-05
874	3.6552648544311523	0.14760902315650848	3.5e-05
875	3.648462474346161	0.14985493085535959	3.504e-05
876	3.6562218070030212	0.14897581008664296	3.508e-05
877	3.6435210704803467	0.1514474159015276	3.512e-05
878	3.657553493976593	0.14722581930471162	3.516e-05
879	3.6667627096176147	0.14490732902429065	3.52e-05
880	3.650683879852295	0.1490250002491057	3.524e-05
881	3.6651087403297424	0.14593363307205665	3.528e-05
882	3.6485501527786255	0.15122004814271017	3.532e-05
883	3.6719706654548645	0.14440300728015712	3.536000000000001e-05
884	3.625417411327362	0.15583152168518022	3.54e-05
885	3.663882076740265	0.14566925193895422	3.544e-05
886	3.6699110865592957	0.14471930084431936	3.548e-05
887	3.674675941467285	0.14485235039131858	3.5520000000000006e-05
888	3.651672840118408	0.1472194538568866	3.5560000000000005e-05
889	3.651604652404785	0.1497782326850904	3.56e-05
890	3.649835467338562	0.14916315063288607	3.5640000000000004e-05
891	3.6677421927452087	0.14646322598790606	3.5680000000000004e-05
892	3.6639121174812317	0.14546014831308773	3.5720000000000004e-05
893	3.644239127635956	0.14934099593921799	3.5759999999999996e-05
894	3.6421178579330444	0.1502329114936324	3.58e-05
895	3.6463321447372437	0.15055011557883669	3.584e-05
896	3.6725762486457825	0.14471200877461685	3.588e-05
897	3.647303819656372	0.14978543763752403	3.592e-05
898	3.647799074649811	0.14906457453228728	3.596e-05
899	3.658253312110901	0.14543847979111027	3.6e-05
900	3.659543037414551	0.14725043782837127	3.604e-05
901	3.651333272457123	0.1483523020184796	3.608e-05
902	3.6633220314979553	0.1465246524652465	3.6120000000000007e-05
903	3.6711754202842712	0.14427185241384818	3.616e-05
904	3.6515145897865295	0.15086722931858434	3.62e-05
905	3.654405176639557	0.14855372933006944	3.624e-05
906	3.6508116722106934	0.14852057442970612	3.6280000000000005e-05
907	3.6548271775245667	0.14863524557645005	3.6320000000000005e-05
908	3.654315233230591	0.1472203054213795	3.636e-05
909	3.6580962538719177	0.1468296655239321	3.6400000000000004e-05
910	3.656877040863037	0.1482478705195832	3.6440000000000003e-05
911	3.6702581644058228	0.14477267550678855	3.648e-05
912	3.652087092399597	0.14867017280240422	3.652e-05
913	3.658145546913147	0.14787208702211282	3.656e-05
914	3.6663495302200317	0.147717153120341	3.66e-05
915	3.649878740310669	0.1494711375042489	3.664e-05
916	3.6605221033096313	0.1460716743633988	3.668e-05
917	3.6548851132392883	0.14784756527875795	3.672000000000001e-05
918	3.6539242267608643	0.14796020298078075	3.676e-05
919	3.6369667053222656	0.15085459005604196	3.68e-05
920	3.6347124576568604	0.15256524303091484	3.684e-05
921	3.6665701866149902	0.14789487266014253	3.6880000000000006e-05
922	3.648543357849121	0.14869512642356603	3.692e-05
923	3.65728896856308	0.14701225765979267	3.696e-05
924	3.639819324016571	0.1538270649077355	3.7e-05
925	3.663441777229309	0.14579813028045793	3.7040000000000005e-05
926	3.6619012355804443	0.14570755557315068	3.7080000000000004e-05
927	3.6393556594848633	0.15144779348567025	3.712e-05
928	3.642514228820801	0.1499859966391934	3.716e-05
929	3.6506561636924744	0.1499819949585884	3.72e-05
930	3.6589248180389404	0.14767067676617654	3.724e-05
931	3.6618560552597046	0.14771887052616856	3.728e-05
932	3.6515045762062073	0.15011701439028033	3.732e-05
933	3.6478657126426697	0.15050765479473957	3.736e-05
934	3.656640887260437	0.1468124849361292	3.74e-05
935	3.665270507335663	0.14561908679555738	3.744e-05
936	3.645832061767578	0.14799811964273213	3.748000000000001e-05
937	3.655030369758606	0.14843866800889058	3.752e-05
938	3.6407633423805237	0.15140168101061957	3.756e-05
939	3.6387174129486084	0.15117740969866295	3.76e-05
940	3.6514325737953186	0.14777442756067707	3.7640000000000006e-05
941	3.6519622206687927	0.14877078994309859	3.7680000000000005e-05
942	3.6273410320281982	0.15483349789067408	3.772e-05
943	3.6393513679504395	0.15340528990644314	3.776e-05
944	3.659652888774872	0.14765422718957125	3.7800000000000004e-05
945	3.662014424800873	0.14671442762108305	3.7840000000000004e-05
946	3.657335579395294	0.14874639582564275	3.788e-05
947	3.6652552485466003	0.14664057403783431	3.792e-05
948	3.6613518595695496	0.1480867550726953	3.796e-05
949	3.653094470500946	0.14974192655289023	3.8e-05
950	3.659821391105652	0.14656760713467648	3.804e-05
951	3.6503612399101257	0.146797783656966	3.808e-05
952	3.6556182503700256	0.14721392336534797	3.812e-05
953	3.6420482397079468	0.15078048150392973	3.816e-05
954	3.653486728668213	0.14928233485716566	3.82e-05
955	3.6514809131622314	0.14836424255053135	3.8240000000000007e-05
956	3.662652611732483	0.14644184679163302	3.828e-05
957	3.6635897755622864	0.14714591953736478	3.832e-05
958	3.6490909457206726	0.1477670057215512	3.836e-05
959	3.6543244123458862	0.14612466232321628	3.8400000000000005e-05
960	3.6573662161827087	0.14640870131822967	3.8440000000000005e-05
961	3.6560184359550476	0.14687271963934065	3.848e-05
962	3.643066883087158	0.1507090785961837	3.8520000000000004e-05
963	3.6474491953849792	0.1493406746862968	3.8560000000000004e-05
964	3.6434770226478577	0.14960951508148385	3.86e-05
965	3.646137237548828	0.14942780812632084	3.864e-05
966	3.656963586807251	0.14649738521803105	3.868e-05
967	3.662804663181305	0.14734469783465545	3.872e-05
968	3.665744125843048	0.14658071748878923	3.876e-05
969	3.6514972448349	0.1483216315279595	3.88e-05
970	3.6488289833068848	0.14864635618844238	3.884e-05
971	3.6728618144989014	0.1439119891874702	3.888e-05
972	3.6488978266716003	0.14970380734081504	3.892e-05
973	3.654038667678833	0.14765301840417241	3.896e-05
974	3.651187300682068	0.1480545579354736	3.9000000000000006e-05
975	3.651175320148468	0.14876224184044884	3.9040000000000006e-05
976	3.6698158979415894	0.14514962704678508	3.908e-05
977	3.645797073841095	0.1504396673217015	3.912e-05
978	3.660939037799835	0.1475504783207845	3.9160000000000005e-05
979	3.6625972390174866	0.14680743091971066	3.9200000000000004e-05
980	3.661620259284973	0.14775531322136432	3.9240000000000004e-05
981	3.655689239501953	0.14613346085639708	3.9280000000000003e-05
982	3.6724120378494263	0.14374146472751922	3.932e-05
983	3.655394732952118	0.1483687545673871	3.936e-05
984	3.681363880634308	0.14265389169129133	3.94e-05
985	3.644536316394806	0.14852563912083122	3.944e-05
986	3.658251404762268	0.14770917920547727	3.948e-05
987	3.659034311771393	0.14549522106924206	3.952e-05
988	3.658543109893799	0.1490751578083891	3.956e-05
989	3.659031867980957	0.1464760897122381	3.960000000000001e-05
990	3.6512405276298523	0.14938553388284778	3.964e-05
991	3.6355247497558594	0.15228137451691184	3.968e-05
992	3.6461198329925537	0.14946871782569146	3.972e-05
993	3.6655933260917664	0.14541828676794805	3.9760000000000006e-05
994	3.6495396494865417	0.1496106510861305	3.9800000000000005e-05
995	3.6560078263282776	0.1463219695100893	3.984e-05
996	3.6472415924072266	0.15012648570510762	3.988e-05
997	3.6478039026260376	0.14808526882584586	3.9920000000000004e-05
998	3.6586867570877075	0.14557381660371294	3.9960000000000004e-05
999	3.6564137935638428	0.14607696151924038	4e-05
1000	3.6372885704040527	0.15082268718110983	4.004e-05
1001	3.6591450572013855	0.14686708797671497	4.008e-05
1002	3.6557335257530212	0.14654233256374122	4.012e-05
1003	3.647989273071289	0.15128726623344413	4.016e-05
1004	3.6541967391967773	0.1470982030502844	4.02e-05
1005	3.6455156803131104	0.14853562726865893	4.024e-05
1006	3.6489868760108948	0.148642843584851	4.028e-05
1007	3.6597384214401245	0.14830748442607478	4.032e-05
1008	3.6641947627067566	0.1454695007573402	4.0360000000000007e-05
1009	3.6449954509735107	0.15015532279262417	4.0400000000000006e-05
1010	3.645539879798889	0.1501705460474328	4.044e-05
1011	3.6564098596572876	0.14718627746012639	4.048e-05
1012	3.6592319011688232	0.1465341182123979	4.0520000000000005e-05
1013	3.672702193260193	0.14283315886152206	4.0560000000000005e-05
1014	3.655628740787506	0.14736356432862918	4.0600000000000004e-05
1015	3.6570621132850647	0.14620771867083893	4.064e-05
1016	3.65359628200531	0.1474687243083689	4.0680000000000004e-05
1017	3.6575931310653687	0.14536090705844779	4.072e-05
1018	3.650235116481781	0.14976901048682412	4.076e-05
1019	3.6553898453712463	0.14725002991265504	4.08e-05
1020	3.6723132729530334	0.14413480233311732	4.084e-05
1021	3.6397013664245605	0.15091782432782572	4.088e-05
1022	3.653410255908966	0.14824045459076862	4.092e-05
1023	3.6620590686798096	0.14613072504885574	4.096e-05
1024	3.650628983974457	0.14739096380166763	4.1e-05
1025	3.645010828971863	0.1510826623993599	4.104e-05
1026	3.6442636847496033	0.15034184387310598	4.108e-05
1027	3.665616035461426	0.1463402478045474	4.1120000000000006e-05
1028	3.637929677963257	0.15097034528910597	4.1160000000000006e-05
1029	3.651424467563629	0.14916851330578348	4.12e-05
1030	3.637265920639038	0.1514899761643375	4.124e-05
1031	3.660434126853943	0.14756289541687706	4.1280000000000005e-05
1032	3.663727641105652	0.14506852303603657	4.1320000000000004e-05
1033	3.6618950366973877	0.1459112827387503	4.1360000000000004e-05
1034	3.634761869907379	0.15458398837834073	4.14e-05
1035	3.632651150226593	0.15194859450534148	4.144e-05
1036	3.6591222286224365	0.14690654931400465	4.148e-05
1037	3.6461979746818542	0.14887935997458956	4.152e-05
1038	3.655036151409149	0.14769589186909413	4.156e-05
1039	3.653342604637146	0.14915692613777667	4.16e-05
1040	3.6454727053642273	0.1499101258238466	4.164e-05
1041	3.654427170753479	0.14744978977119516	4.168e-05
1042	3.654477596282959	0.14870899439042257	4.172e-05
1043	3.6477490663528442	0.1501823428044724	4.176000000000001e-05
1044	3.6615224480628967	0.14616736326903412	4.18e-05
1045	3.6448723673820496	0.14856400779181858	4.184e-05
1046	3.6739050149917603	0.14392735076702964	4.1880000000000006e-05
1047	3.6497803330421448	0.1479845880260818	4.1920000000000005e-05
1048	3.6451765298843384	0.15169569656895304	4.196e-05
1049	3.6397488713264465	0.15008416586152973	4.2e-05
1050	3.660281717777252	0.14746937235669041	4.2040000000000004e-05
1051	3.65387624502182	0.14821215733015494	4.2080000000000004e-05
1052	3.6586341857910156	0.1463545602800207	4.212e-05
1053	3.643065869808197	0.1494146550094988	4.2159999999999996e-05
1054	3.6595041751861572	0.1450499383231865	4.22e-05
1055	3.660256087779999	0.1469048566878981	4.224e-05
1056	3.6514864563941956	0.14859220529463024	4.228e-05
1057	3.660522222518921	0.14719808210967936	4.232e-05
1058	3.667605698108673	0.14443838874300152	4.236e-05
1059	3.655145525932312	0.14915962227545385	4.24e-05
1060	3.659389555454254	0.14648368772935202	4.244e-05
1061	3.658543050289154	0.146587365631569	4.248e-05
1062	3.657479763031006	0.14702767509241682	4.2520000000000006e-05
1063	3.6519057750701904	0.14887515009576358	4.256e-05
1064	3.654392182826996	0.14642491272390917	4.26e-05
1065	3.6477428674697876	0.15081706650772364	4.2640000000000005e-05
1066	3.643295466899872	0.15071729619878066	4.2680000000000005e-05
1067	3.6451927423477173	0.14953477401158297	4.2720000000000004e-05
1068	3.6587085723876953	0.14755360857737237	4.276e-05
1069	3.662870407104492	0.14545074085514711	4.2800000000000004e-05
1070	3.6561195254325867	0.14626348343143994	4.284e-05
1071	3.654114067554474	0.1487844343674464	4.288e-05
1072	3.6549445390701294	0.14837525425410528	4.292e-05
1073	3.6554096937179565	0.14769970953155726	4.296e-05
1074	3.669554352760315	0.14678659887889453	4.3e-05
1075	3.63994437456131	0.1521806557475462	4.304e-05
1076	3.646292746067047	0.15178474450752902	4.308e-05
1077	3.6475924253463745	0.1480898383786046	4.312000000000001e-05
1078	3.6575871109962463	0.146646571213263	4.316e-05
1079	3.659836173057556	0.14726433619409307	4.32e-05
1080	3.647752344608307	0.1483937989451814	4.324e-05
1081	3.6344131231307983	0.1515609516850671	4.3280000000000006e-05
1082	3.638645589351654	0.15141813816217298	4.332e-05
1083	3.6456063389778137	0.14968111414811922	4.336e-05
1084	3.648432731628418	0.1504613696443713	4.3400000000000005e-05
1085	3.6629313826560974	0.14533023274302864	4.3440000000000004e-05
1086	3.6561206579208374	0.14769803689948244	4.3480000000000004e-05
1087	3.667244613170624	0.1455581871462406	4.352e-05
1088	3.6628715991973877	0.14709720794115322	4.356e-05
1089	3.656207859516144	0.14716951155331803	4.36e-05
1090	3.640054702758789	0.14912376943715777	4.364e-05
1091	3.6503986716270447	0.14855649352600114	4.368e-05
1092	3.6511824131011963	0.14668744664376898	4.372e-05
1093	3.6622307896614075	0.14581939799331103	4.376e-05
1094	3.6513949036598206	0.14818008623282863	4.38e-05
1095	3.6644363403320312	0.14660724611672749	4.384e-05
1096	3.654057562351227	0.14661342650361867	4.388000000000001e-05
1097	3.6470373272895813	0.1496430669361503	4.392e-05
1098	3.643457591533661	0.15091711167866265	4.396e-05
1099	3.647496998310089	0.14948551353832948	4.4000000000000006e-05
1100	3.6333510875701904	0.1528835690968444	4.4040000000000005e-05
1101	3.6520034670829773	0.147960410322167	4.4080000000000005e-05
1102	3.6470805406570435	0.14999600383631714	4.412e-05
1103	3.664048194885254	0.14562311427258376	4.4160000000000004e-05
1104	3.6457486748695374	0.1501902663729221	4.4200000000000004e-05
1105	3.650154769420624	0.14889001159024043	4.424e-05
1106	3.662521243095398	0.1462207678186607	4.428e-05
1107	3.640946686267853	0.14937297633248794	4.432e-05
1108	3.660494089126587	0.14662803159607826	4.436e-05
1109	3.647235155105591	0.14910658653749523	4.44e-05
1110	3.6501935720443726	0.14891639009956414	4.444e-05
1111	3.6525750756263733	0.14930714328316666	4.448e-05
1112	3.668393552303314	0.14483861297092035	4.452e-05
1113	3.639155685901642	0.1509409564733031	4.456e-05
1114	3.6416832208633423	0.15102908877691978	4.46e-05
1115	3.6565473079681396	0.14766695162925705	4.4640000000000006e-05
1116	3.646652638912201	0.14710623003994514	4.468e-05
1117	3.668828785419464	0.14543682755603285	4.472e-05
1118	3.658892869949341	0.1455377985275633	4.4760000000000005e-05
1119	3.6445839405059814	0.1507986903462645	4.4800000000000005e-05
1120	3.6532676219940186	0.14813851341210843	4.4840000000000004e-05
1121	3.6372674703598022	0.15103755187759388	4.488e-05
1122	3.647439181804657	0.1493470018255863	4.4920000000000004e-05
1123	3.6736369729042053	0.1438683028553096	4.496e-05
1124	3.6650763154029846	0.14623714076789776	4.5e-05
1125	3.650048792362213	0.14919346838356382	4.504e-05
1126	3.649250090122223	0.1480601348260982	4.508e-05
1127	3.65780371427536	0.14714254650404254	4.512e-05
1128	3.6548452973365784	0.14722814605672865	4.516e-05
1129	3.6425910592079163	0.15161341821157032	4.52e-05
1130	3.6526927947998047	0.1488064906127914	4.524000000000001e-05
1131	3.662614107131958	0.14400072407655098	4.528e-05
1132	3.657293915748596	0.1471534271402822	4.532e-05
1133	3.647338569164276	0.1515834846640458	4.536e-05
1134	3.6499343514442444	0.14734471194754492	4.5400000000000006e-05
1135	3.659703314304352	0.1476250334049271	4.5440000000000005e-05
1136	3.641148626804352	0.1498781111746471	4.548e-05
1137	3.644149124622345	0.14948320413436691	4.5520000000000005e-05
1138	3.646797776222229	0.1500336510934094	4.5560000000000004e-05
1139	3.6492614150047302	0.14736842105263157	4.5600000000000004e-05
1140	3.6461779475212097	0.15021361152508694	4.564e-05
1141	3.6343547105789185	0.15371054649761462	4.568e-05
1142	3.656852960586548	0.14664611565946714	4.572e-05
1143	3.6703636050224304	0.1439376598560922	4.576e-05
1144	3.6481003761291504	0.1488535908846008	4.58e-05
1145	3.654508948326111	0.1474175605880016	4.584e-05
1146	3.649926006793976	0.1481973980609501	4.588e-05
1147	3.6587851643562317	0.14656175986511982	4.592e-05
1148	3.6329484581947327	0.15221460387368	4.596e-05
1149	3.6555421948432922	0.14740456353525558	4.600000000000001e-05
1150	3.6453758478164673	0.1501961721535122	4.604e-05
1151	3.6415683031082153	0.15081613920261802	4.608e-05
1152	3.640299379825592	0.15133537064872238	4.612e-05
1153	3.6542279720306396	0.14801286810195496	4.6160000000000005e-05
1154	3.6539318561553955	0.1488956172134809	4.6200000000000005e-05
1155	3.641761362552643	0.14945300201263376	4.624e-05
1156	3.649142861366272	0.14865881173226372	4.6280000000000004e-05
1157	3.654253125190735	0.14731008084211367	4.6320000000000004e-05
1158	3.6576960682868958	0.14654430742758817	4.636e-05
1159	3.649832308292389	0.15009444958000082	4.64e-05
1160	3.647084057331085	0.14889184885479365	4.644e-05
1161	3.6518991589546204	0.1476121418212732	4.648e-05
1162	3.656994581222534	0.14654143118681842	4.652e-05
1163	3.6577449440956116	0.146933496425671	4.656e-05
1164	3.6556366086006165	0.148049856870229	4.660000000000001e-05
1165	3.6590166687965393	0.14651049486442683	4.664e-05
1166	3.661483407020569	0.14617509498688633	4.668e-05
1167	3.659109055995941	0.14615046546006633	4.672e-05
1168	3.655993938446045	0.14709450322170073	4.6760000000000006e-05
1169	3.6541863083839417	0.14911822075650022	4.6800000000000006e-05
1170	3.6539077758789062	0.14623202187091405	4.684e-05
1171	3.666215419769287	0.14395284354989926	4.688e-05
1172	3.659438967704773	0.14741382761519675	4.6920000000000005e-05
1173	3.66446590423584	0.14390168787689128	4.6960000000000004e-05
1174	3.6505486369132996	0.1472034143374251	4.7e-05
1175	3.6682777404785156	0.1446658033668692	4.7040000000000004e-05
1176	3.6574814319610596	0.14660096540627515	4.708e-05
1177	3.65804660320282	0.14763550162722489	4.712e-05
1178	3.6506401896476746	0.1491171749598716	4.716e-05
1179	3.6642656922340393	0.14553054146703287	4.72e-05
1180	3.6595979928970337	0.14566745196274317	4.724e-05
1181	3.651688277721405	0.14767339946615674	4.728e-05
1182	3.645786702632904	0.14936678542558607	4.732e-05
1183	3.6519859433174133	0.14991690194429427	4.736000000000001e-05
1184	3.6567971110343933	0.1463990086741016	4.74e-05
1185	3.6546061635017395	0.14811154041992391	4.744e-05
1186	3.637314200401306	0.15209647569202603	4.748e-05
1187	3.6392818093299866	0.15002997002997004	4.7520000000000006e-05
1188	3.649301052093506	0.1483436059305579	4.7560000000000005e-05
1189	3.65777450799942	0.14605320801306304	4.76e-05
1190	3.651357889175415	0.1480287527781671	4.7640000000000005e-05
1191	3.6585583090782166	0.14705410660946616	4.7680000000000004e-05
1192	3.6586952805519104	0.14598714691376477	4.7720000000000004e-05
1193	3.65394526720047	0.14734566659963805	4.7760000000000004e-05
1194	3.6637529134750366	0.14668307372170034	4.78e-05
1195	3.6553156971931458	0.1480043516014093	4.784e-05
1196	3.6557565927505493	0.14437022805777597	4.788e-05
1197	3.6540908217430115	0.14860984662791513	4.792e-05
1198	3.6475794911384583	0.14855298352874927	4.796e-05
1199	3.654352605342865	0.14792054870554652	4.8e-05
1200	3.637015163898468	0.15133513351335134	4.804e-05
1201	3.663137137889862	0.1456219821793021	4.808e-05
1202	3.659357011318207	0.14701445568886803	4.812000000000001e-05
1203	3.6445719599723816	0.15121405149440773	4.816e-05
1204	3.6465455293655396	0.14967164537700717	4.82e-05
1205	3.6435800194740295	0.14786796428213103	4.824e-05
1206	3.6397948265075684	0.14962508861088092	4.8280000000000005e-05
1207	3.6627994179725647	0.1458129358403101	4.8320000000000005e-05
1208	3.652953028678894	0.14815926971353072	4.836e-05
1209	3.6563411951065063	0.14932162889051082	4.8400000000000004e-05
1210	3.6467690467834473	0.14835270241617107	4.8440000000000004e-05
1211	3.6557140946388245	0.1466750213840982	4.8480000000000003e-05
1212	3.647652804851532	0.14890503683057935	4.852e-05
1213	3.6518483757972717	0.14779357218758146	4.856e-05
1214	3.64602792263031	0.14865027234860623	4.86e-05
1215	3.6500438451766968	0.14718506936491021	4.864e-05
1216	3.6467339992523193	0.1503902758743967	4.868e-05
1217	3.650490701198578	0.14794375112678032	4.872000000000001e-05
1218	3.665346622467041	0.1452870375951936	4.876e-05
1219	3.66482412815094	0.14389913825701037	4.88e-05
1220	3.6537444591522217	0.14805803460138606	4.884e-05
1221	3.649914801120758	0.14964684071055046	4.8880000000000006e-05
1222	3.648319661617279	0.14863848650360167	4.8920000000000006e-05
1223	3.6575427055358887	0.1466316115681825	4.896e-05
1224	3.632433593273163	0.15161287111960428	4.9e-05
1225	3.642895996570587	0.1487920591189839	4.9040000000000005e-05
1226	3.665749251842499	0.1463070597533038	4.9080000000000004e-05
1227	3.6635510325431824	0.1445720770042404	4.9120000000000004e-05
1228	3.654093623161316	0.1460648356146604	4.9160000000000004e-05
1229	3.6557503938674927	0.14716237990093692	4.92e-05
1230	3.644500195980072	0.14997952600197748	4.924e-05
1231	3.6403894424438477	0.1524449183366384	4.928e-05
1232	3.6320505142211914	0.1525848053541328	4.932e-05
1233	3.6631579995155334	0.1457669698035472	4.936e-05
1234	3.6498783230781555	0.14719870778618646	4.94e-05
1235	3.6536967754364014	0.1482147675150643	4.944e-05
1236	3.6419520378112793	0.15008565160333792	4.948000000000001e-05
1237	3.6422603726387024	0.15036974539679387	4.952e-05
1238	3.64870423078537	0.1490763724815823	4.956e-05
1239	3.6395793557167053	0.1504240455238532	4.96e-05
1240	3.6466012597084045	0.14861933929109347	4.9640000000000006e-05
1241	3.6482975482940674	0.1487398963318968	4.9680000000000005e-05
1242	3.645647346973419	0.14857726196021687	4.972e-05
1243	3.661719799041748	0.14606068472498177	4.976e-05
1244	3.6603891253471375	0.1474178216637937	4.9800000000000004e-05
1245	3.655417501926422	0.14670394644539314	4.9840000000000004e-05
1246	3.647236943244934	0.14832421680755842	4.9880000000000004e-05
1247	3.6581414341926575	0.14592253059990934	4.992e-05
1248	3.654115617275238	0.14805086263506656	4.996e-05
1249	3.6384992599487305	0.15135204917625797	5e-05
1250	3.6585513949394226	0.14699962952208348	5.0039999999999995e-05
1251	3.6531423330307007	0.1472122987998234	5.008e-05
1252	3.6568697094917297	0.14843240680376935	5.012e-05
1253	3.660500168800354	0.14614787849853791	5.016000000000001e-05
1254	3.6461694836616516	0.15012212751109116	5.02e-05
1255	3.6605353951454163	0.14686945601690354	5.024e-05
1256	3.6508964896202087	0.14754736568907345	5.0280000000000006e-05
1257	3.662996470928192	0.14572536942165892	5.032e-05
1258	3.641371011734009	0.15035124622956025	5.0360000000000006e-05
1259	3.6479334831237793	0.14897610921501706	5.0400000000000005e-05
1260	3.620375096797943	0.1547219630342856	5.044e-05
1261	3.6434556245803833	0.15076926146907987	5.0480000000000005e-05
1262	3.6384252309799194	0.15066259730189185	5.052e-05
1263	3.646003544330597	0.1503828179377548	5.056000000000001e-05
1264	3.6588817834854126	0.1457535772171786	5.0600000000000003e-05
1265	3.662442922592163	0.1465781611696971	5.0639999999999996e-05
1266	3.6573166847229004	0.14601074413052129	5.068e-05
1267	3.655333399772644	0.14893830429593075	5.072e-05
1268	3.6530550718307495	0.1475156815798326	5.076000000000001e-05
1269	3.6552513241767883	0.1476693499316715	5.08e-05
1270	3.6512364745140076	0.14840547835649306	5.084e-05
1271	3.645973861217499	0.14850662609600832	5.088000000000001e-05
1272	3.6453166604042053	0.15152329481552257	5.092e-05
1273	3.6582560539245605	0.14624624624624624	5.096000000000001e-05
1274	3.641542673110962	0.14971488656124884	5.1000000000000006e-05
1275	3.642428755760193	0.15054281299540465	5.104e-05
1276	3.6497880816459656	0.1471159623472862	5.1080000000000006e-05
1277	3.6346518993377686	0.15184059775840597	5.112e-05
1278	3.6625659465789795	0.14721560734533642	5.1160000000000005e-05
1279	3.638411521911621	0.15046458187631132	5.1200000000000004e-05
1280	3.6567702889442444	0.14642130054688435	5.124e-05
1281	3.644313156604767	0.14983057604145905	5.1280000000000004e-05
1282	3.661648690700531	0.14735228707098635	5.132e-05
1283	3.6377022862434387	0.15110241926677453	5.1359999999999996e-05
1284	3.6499354243278503	0.1483611042029346	5.14e-05
1285	3.6617854833602905	0.14508213995403776	5.144e-05
1286	3.6428924798965454	0.14941081226949718	5.148000000000001e-05
1287	3.632308065891266	0.15089228808158062	5.152e-05
1288	3.6662980914115906	0.14448638823975873	5.1559999999999994e-05
1289	3.6348829865455627	0.15258068692179766	5.16e-05
1290	3.6593204736709595	0.14570866220004375	5.164e-05
1291	3.6458067297935486	0.15258740414226193	5.168000000000001e-05
1292	3.6577144861221313	0.14654168781157648	5.172e-05
1293	3.645638585090637	0.15015475224616123	5.176e-05
1294	3.6491774320602417	0.14951442744358276	5.1800000000000005e-05
1295	3.653669774532318	0.148423042483335	5.184e-05
1296	3.643309533596039	0.1506450771484179	5.1880000000000005e-05
1297	3.65874183177948	0.14709429223516748	5.1920000000000004e-05
1298	3.655294895172119	0.14627526890303527	5.196e-05
1299	3.6507920026779175	0.14781516625468463	5.2000000000000004e-05
1300	3.635996639728546	0.1505758282220866	5.204e-05
1301	3.6643816232681274	0.14506492471919064	5.208000000000001e-05
1302	3.654619038105011	0.14912376725347556	5.212e-05
1303	3.64572012424469	0.14885576108091939	5.2159999999999995e-05
1304	3.6474013328552246	0.14872060272500173	5.22e-05
1305	3.6485692262649536	0.14855518521854888	5.224e-05
1306	3.672925114631653	0.14291392966102537	5.228000000000001e-05
1307	3.6573129892349243	0.14697487155347683	5.232e-05
1308	3.6505709886550903	0.14747838256610185	5.236e-05
1309	3.666756331920624	0.1449763587472635	5.2400000000000007e-05
1310	3.638533055782318	0.1510014640996783	5.244e-05
1311	3.6676434874534607	0.14409043783395806	5.2480000000000006e-05
1312	3.6609601378440857	0.14524438244232973	5.2520000000000005e-05
1313	3.645975112915039	0.1493665815432377	5.256e-05
1314	3.656637966632843	0.14794591783671346	5.2600000000000005e-05
1315	3.661876380443573	0.14690217554840068	5.264e-05
1316	3.6287453174591064	0.15304833785786023	5.2680000000000004e-05
1317	3.6556108593940735	0.14845076612661565	5.2720000000000003e-05
1318	3.655508518218994	0.14878592047304653	5.2759999999999996e-05
1319	3.6537311673164368	0.1484840917037111	5.28e-05
1320	3.6553863883018494	0.1474874874874875	5.284e-05
1321	3.6678927540779114	0.14278323334228776	5.288000000000001e-05
1322	3.650689125061035	0.15004564578867985	5.292e-05
1323	3.6352259516716003	0.15029912011745084	5.296e-05
1324	3.643614172935486	0.14978550643480695	5.300000000000001e-05
1325	3.6381030082702637	0.15176665403108353	5.304e-05
1326	3.650794744491577	0.145658935661636	5.308000000000001e-05
1327	3.6582953929901123	0.14603165070118015	5.3120000000000006e-05
1328	3.64464795589447	0.14874406991260924	5.316e-05
1329	3.6608845591545105	0.14554251820647585	5.3200000000000006e-05
1330	3.651807188987732	0.1499609945392355	5.324e-05
1331	3.6394981145858765	0.15041996688147158	5.3280000000000005e-05
1332	3.631272077560425	0.15196289150363387	5.3320000000000004e-05
1333	3.6672109961509705	0.14426744001271255	5.336e-05
1334	3.652821183204651	0.14881691155863394	5.3400000000000004e-05
1335	3.660615861415863	0.145976688667322	5.344e-05
1336	3.6499409675598145	0.1476100231627711	5.348000000000001e-05
1337	3.6298822164535522	0.1538469186867381	5.352e-05
1338	3.6511213183403015	0.14826607259034363	5.356e-05
1339	3.6524398922920227	0.14804703693592583	5.360000000000001e-05
1340	3.667337715625763	0.14367929948293282	5.364e-05
1341	3.654381573200226	0.14953345324098458	5.368000000000001e-05
1342	3.650649309158325	0.1471721851659544	5.372e-05
1343	3.65371972322464	0.14807029428759289	5.376e-05
1344	3.644093155860901	0.14914298803868256	5.380000000000001e-05
1345	3.6518067121505737	0.1471410547564976	5.384e-05
1346	3.648451864719391	0.1492397893272384	5.388e-05
1347	3.6505085229873657	0.14792141799703917	5.3920000000000006e-05
1348	3.6538687348365784	0.1481371324331291	5.396e-05
1349	3.6587703824043274	0.14686961401258566	5.4000000000000005e-05
1350	3.6527321338653564	0.14828731039144352	5.4040000000000004e-05
1351	3.6549378633499146	0.14626310449780183	5.408e-05
1352	3.6606154441833496	0.14674652601885238	5.4120000000000004e-05
1353	3.6613566875457764	0.14650834775475907	5.4159999999999996e-05
1354	3.641907811164856	0.14959163346613547	5.420000000000001e-05
1355	3.6500603556632996	0.14694735148937882	5.424e-05
1356	3.656075596809387	0.146005620637207	5.4279999999999995e-05
1357	3.6382356882095337	0.15083408250923983	5.432e-05
1358	3.662462830543518	0.14737756824515316	5.436e-05
1359	3.654232084751129	0.14698924517424408	5.440000000000001e-05
1360	3.6384764313697815	0.1520196642351747	5.444e-05
1361	3.6487265825271606	0.14793160065676184	5.448e-05
1362	3.649963617324829	0.14785655276752033	5.4520000000000007e-05
1363	3.642353117465973	0.1499081408901444	5.456e-05
1364	3.6609731316566467	0.14647833594346063	5.4600000000000006e-05
1365	3.6460095643997192	0.149317355273356	5.4640000000000005e-05
1366	3.6436848044395447	0.14913685886274314	5.468e-05
1367	3.6385462284088135	0.1505925032640003	5.4720000000000005e-05
1368	3.6309648752212524	0.15218371005377906	5.476e-05
1369	3.6595379114151	0.14663995774409264	5.4800000000000004e-05
1370	3.6432812213897705	0.14999352144402028	5.4840000000000003e-05
1371	3.647020399570465	0.14802173307327945	5.4879999999999996e-05
1372	3.6486599445343018	0.14798210765428146	5.492e-05
1373	3.6609824299812317	0.1461106034722498	5.496e-05
1374	3.649579703807831	0.14774989247096715	5.500000000000001e-05
1375	3.6489868760108948	0.14780935494595165	5.504e-05
1376	3.648236930370331	0.1509695844067661	5.508e-05
1377	3.6599185466766357	0.14600462999920172	5.512000000000001e-05
1378	3.6579425930976868	0.14658752527113564	5.516e-05
1379	3.6305074095726013	0.1510096926501562	5.520000000000001e-05
1380	3.661361873149872	0.14503809171966892	5.524e-05
1381	3.6479541063308716	0.14821891908200413	5.528e-05
1382	3.6568251252174377	0.14821712605955664	5.5320000000000006e-05
1383	3.637131452560425	0.15218257525949833	5.536e-05
1384	3.65008807182312	0.1470176281089301	5.5400000000000005e-05
1385	3.6346020698547363	0.15193314740875985	5.5440000000000005e-05
1386	3.6586114168167114	0.1464421347191685	5.548e-05
1387	3.6440333127975464	0.14965200711050405	5.5520000000000004e-05
1388	3.6539087891578674	0.14573364239596495	5.556e-05
1389	3.6605916619300842	0.14589242175449071	5.560000000000001e-05
1390	3.6581351161003113	0.14487429572932242	5.564e-05
1391	3.649237275123596	0.1470288013129716	5.5679999999999995e-05
1392	3.648149251937866	0.14977846655142954	5.572000000000001e-05
1393	3.6521474719047546	0.14792253203618913	5.576e-05
1394	3.6543253660202026	0.14764670538754257	5.580000000000001e-05
1395	3.6472293734550476	0.14939506563340188	5.584e-05
1396	3.6555110216140747	0.14763189448441247	5.588e-05
1397	3.6475882530212402	0.14884769189345512	5.592000000000001e-05
1398	3.625899016857147	0.15380593262946204	5.596e-05
1399	3.6341013312339783	0.15265431792223272	5.6000000000000006e-05
1400	3.650914192199707	0.14765014600268328	5.6040000000000006e-05
1401	3.652758300304413	0.14661136921021672	5.608e-05
1402	3.649456262588501	0.14729725687277515	5.6120000000000005e-05
1403	3.6358275413513184	0.1504285971187084	5.6160000000000004e-05
1404	3.6574054956436157	0.1457472998729352	5.620000000000001e-05
1405	3.6408230662345886	0.14877907441451524	5.6240000000000004e-05
1406	3.6558810472488403	0.147514010490417	5.6279999999999996e-05
1407	3.6450644731521606	0.14877781103462037	5.632e-05
1408	3.652635157108307	0.14676217074199835	5.636e-05
1409	3.650178551673889	0.14802456889209528	5.6399999999999995e-05
1410	3.655818283557892	0.14657459896273067	5.644e-05
1411	3.6041013598442078	0.15836401632003183	5.648e-05
1412	3.6230927109718323	0.15315458037942098	5.652000000000001e-05
1413	3.6570396423339844	0.1483078766097634	5.656e-05
1414	3.630869746208191	0.15449974162261002	5.66e-05
1415	3.6392378211021423	0.1501207030704467	5.6640000000000007e-05
1416	3.6449134945869446	0.1481711594348131	5.668e-05
1417	3.6318819522857666	0.15137128187846288	5.6720000000000006e-05
1418	3.643792450428009	0.15012798677304012	5.6760000000000005e-05
1419	3.6475499868392944	0.1513635226419815	5.68e-05
1420	3.6586413979530334	0.1467333059564708	5.6840000000000005e-05
1421	3.654169738292694	0.14722247195500815	5.688e-05
1422	3.6419607400894165	0.14940838689807961	5.6920000000000004e-05
1423	3.6568187475204468	0.14583894022307944	5.6960000000000004e-05
1424	3.6476482152938843	0.14900780644776832	5.6999999999999996e-05
1425	3.643427550792694	0.14784562987604452	5.704e-05
1426	3.6407089233398438	0.149587212017048	5.708e-05
1427	3.6547523736953735	0.14882314319253498	5.712000000000001e-05
1428	3.6571189761161804	0.14557051165972515	5.716e-05
1429	3.642293632030487	0.1485876100547407	5.72e-05
1430	3.6542606353759766	0.14806136126694136	5.724000000000001e-05
1431	3.6432777643203735	0.15039808917197453	5.728e-05
1432	3.661653459072113	0.14736140406733791	5.732000000000001e-05
1433	3.6727309823036194	0.1446078187374939	5.736e-05
1434	3.6543832421302795	0.14697219310069393	5.74e-05
1435	3.649159550666809	0.1483640522941395	5.7440000000000006e-05
1436	3.659960150718689	0.14591155198988262	5.748e-05
1437	3.658295512199402	0.14618514852475079	5.7520000000000005e-05
1438	3.629222333431244	0.15233010677577088	5.7560000000000005e-05
1439	3.6439438462257385	0.15023951082031212	5.76e-05
1440	3.663268029689789	0.14485948699544418	5.7640000000000004e-05
1441	3.651769995689392	0.1461627304950416	5.7680000000000003e-05
1442	3.6623480319976807	0.1464759024157281	5.772000000000001e-05
1443	3.6533758640289307	0.14707032621012625	5.776e-05
1444	3.6525004506111145	0.14803667810349325	5.7799999999999995e-05
1445	3.6602882742881775	0.14627571954835425	5.784000000000001e-05
1446	3.648576855659485	0.1480119145193211	5.788e-05
1447	3.655731439590454	0.14646049625205435	5.792000000000001e-05
1448	3.6370813250541687	0.1513855254277661	5.796e-05
1449	3.6374757885932922	0.15042559143222506	5.8e-05
1450	3.659650146961212	0.14632051064339868	5.804000000000001e-05
1451	3.641868770122528	0.1497842448569995	5.808e-05
1452	3.6520116329193115	0.14852364463692336	5.8120000000000006e-05
1453	3.657870054244995	0.1461100190582624	5.8160000000000006e-05
1454	3.66784930229187	0.14531469937663383	5.82e-05
1455	3.630573093891144	0.15255881882202305	5.8240000000000005e-05
1456	3.644896388053894	0.14911634756995581	5.8280000000000004e-05
1457	3.6426395177841187	0.15104367706879657	5.832000000000001e-05
1458	3.6598358154296875	0.14530994943663655	5.8360000000000004e-05
1459	3.639745056629181	0.15148577197173385	5.8399999999999997e-05
1460	3.6556883454322815	0.14627482539020198	5.844e-05
1461	3.6551077365875244	0.14729944360646896	5.848e-05
1462	3.6525948643684387	0.14877529498378336	5.852000000000001e-05
1463	3.655921161174774	0.14591962721045085	5.856e-05
1464	3.6464067101478577	0.14897989874179157	5.86e-05
1465	3.6607066988945007	0.14501537724168231	5.864000000000001e-05
1466	3.649999260902405	0.14670599414047034	5.868e-05
1467	3.6428810954093933	0.14911745587279365	5.872000000000001e-05
1468	3.6578058004379272	0.1480931400889137	5.876000000000001e-05
1469	3.65480375289917	0.14813189881243208	5.88e-05
1470	3.6429582238197327	0.15074280222640452	5.8840000000000006e-05
1471	3.64801561832428	0.15013256301689684	5.888e-05
1472	3.659762442111969	0.14679092773555313	5.892e-05
1473	3.6588682532310486	0.14575526553818322	5.8960000000000005e-05
1474	3.6423304080963135	0.1500860790733314	5.9e-05
1475	3.628890633583069	0.1520745131244708	5.9040000000000004e-05
1476	3.6442841291427612	0.15202446897541147	5.9080000000000004e-05
1477	3.6572542786598206	0.14763632003357416	5.9119999999999996e-05
1478	3.652893841266632	0.14614797259105738	5.916e-05
1479	3.6517980694770813	0.14705442509197134	5.92e-05
1480	3.6596184372901917	0.14496747877852498	5.924000000000001e-05
1481	3.6567917466163635	0.14733576935432058	5.928e-05
1482	3.6439514756202698	0.15129570889939553	5.9319999999999994e-05
1483	3.645416021347046	0.1477764267347061	5.936000000000001e-05
1484	3.6484570503234863	0.14870478739339713	5.94e-05
1485	3.650661885738373	0.1476568966720852	5.944000000000001e-05
1486	3.64853298664093	0.14705882352941177	5.948e-05
1487	3.6483210921287537	0.1495756435405741	5.952e-05
1488	3.6486079692840576	0.14754854295939132	5.9560000000000006e-05
1489	3.64957731962204	0.150132652550433	5.96e-05
1490	3.6660035252571106	0.14424398112193082	5.9640000000000005e-05
1491	3.6495948433876038	0.14801931983065333	5.9680000000000005e-05
1492	3.639508068561554	0.151821599896279	5.972e-05
1493	3.652057409286499	0.14588946442241732	5.9760000000000004e-05
1494	3.6406017541885376	0.1489918332023595	5.9800000000000003e-05
1495	3.6583821773529053	0.1467812622225788	5.984000000000001e-05
1496	3.6508358120918274	0.1477994939533401	5.988e-05
1497	3.648038148880005	0.14832114744096261	5.9919999999999996e-05
1498	3.653144896030426	0.1465736732085715	5.996e-05
1499	3.625958502292633	0.15229447315232433	6e-05
1500	3.6383784413337708	0.1505295838199914	6.004000000000001e-05
1501	3.6622660756111145	0.14659701492537314	6.008e-05
1502	3.6423094868659973	0.14926593792388096	6.012e-05
1503	3.639605224132538	0.15239878633728207	6.016000000000001e-05
1504	3.663699150085449	0.14612674289041247	6.02e-05
1505	3.6436519026756287	0.14992871851734516	6.0240000000000006e-05
1506	3.651873767375946	0.14539374153993154	6.0280000000000006e-05
1507	3.6372485756874084	0.14844802971157015	6.032e-05
1508	3.6448885202407837	0.14829402885105616	6.0360000000000005e-05
1509	3.630311071872711	0.1527101946394384	6.04e-05
1510	3.6394659280776978	0.15122781182838493	6.044000000000001e-05
1511	3.6249013543128967	0.15223549454250113	6.0480000000000004e-05
1512	3.649091422557831	0.1477591525812925	6.0519999999999997e-05
1513	3.6560346484184265	0.14658159342579558	6.056e-05
1514	3.6370272040367126	0.15026103275137503	6.06e-05
1515	3.623151659965515	0.15439574714711113	6.064000000000001e-05
1516	3.66034334897995	0.1468856770029186	6.068e-05
1517	3.635411500930786	0.1511478127153085	6.072e-05
1518	3.654064357280731	0.14527087430716967	6.076000000000001e-05
1519	3.656021773815155	0.14765472667346313	6.08e-05
1520	3.649925947189331	0.14814446125666958	6.084000000000001e-05
1521	3.6310232877731323	0.15238635327952688	6.088000000000001e-05
1522	3.6283119916915894	0.15369591043634093	6.092e-05
1523	3.6448152661323547	0.14907796057212197	6.0960000000000006e-05
1524	3.6572057604789734	0.14500862731017425	6.1e-05
1525	3.6371414065361023	0.1504901076432738	6.104000000000001e-05
1526	3.6532628536224365	0.14670631970260223	6.108e-05
1527	3.6502960920333862	0.1476812962870918	6.112e-05
1528	3.629770517349243	0.15249017627708397	6.116e-05
1529	3.6496291756629944	0.1483967635600839	6.12e-05
1530	3.6382845044136047	0.15054720793901682	6.124e-05
1531	3.6407594084739685	0.14851928511722326	6.128000000000001e-05
1532	3.652946949005127	0.1476747996544225	6.132e-05
1533	3.640334665775299	0.15036294847224016	6.136000000000001e-05
1534	3.652554512023926	0.14768893974824618	6.14e-05
1535	3.643357515335083	0.14977292009781903	6.144e-05
1536	3.650616943836212	0.14708728662217035	6.148e-05
1537	3.635790526866913	0.1524646769328465	6.152e-05
1538	3.6663986444473267	0.1448984081273498	6.156e-05
1539	3.6317614316940308	0.1514022396194629	6.16e-05
1540	3.644855797290802	0.15162208766090549	6.164e-05
1541	3.653938114643097	0.14652482128079602	6.168e-05
1542	3.655949652194977	0.14775177701461545	6.172e-05
1543	3.658907890319824	0.14598299479452875	6.176e-05
1544	3.641123116016388	0.15052667346245327	6.18e-05
1545	3.653507173061371	0.14814444032876492	6.184e-05
1546	3.640529751777649	0.15004129394322333	6.188000000000001e-05
1547	3.617495894432068	0.15654945651627433	6.192e-05
1548	3.64437472820282	0.14943639291465377	6.196000000000001e-05
1549	3.642665386199951	0.14944870565675936	6.2e-05
1550	3.6409788131713867	0.15107432405447502	6.204e-05
1551	3.627445876598358	0.15350079958679738	6.208e-05
1552	3.645218253135681	0.1481029366520777	6.212e-05
1553	3.6472837328910828	0.15073043826295776	6.216e-05
1554	3.6538665890693665	0.14689017640782218	6.220000000000001e-05
1555	3.639620542526245	0.15037429757153353	6.224e-05
1556	3.653363585472107	0.1494886073924476	6.228000000000001e-05
1557	3.642643451690674	0.14860832023556095	6.232e-05
1558	3.6484320759773254	0.14718833680452245	6.236e-05
1559	3.6484274864196777	0.14751154694093352	6.24e-05
1560	3.6416465640068054	0.15003625023587483	6.244e-05
1561	3.6484512090682983	0.14993530407086691	6.248000000000001e-05
1562	3.6502901315689087	0.14828756123022566	6.252e-05
1563	3.6399803161621094	0.15063920525314123	6.256000000000001e-05
1564	3.634576439857483	0.15143712158118172	6.26e-05
1565	3.6481180787086487	0.14852165256346442	6.264e-05
1566	3.645621597766876	0.1495355975444471	6.268e-05
1567	3.637194573879242	0.15253763805609044	6.272e-05
1568	3.6413397192955017	0.14912768747764574	6.276e-05
1569	3.6597878336906433	0.1468025693903125	6.280000000000001e-05
1570	3.657578766345978	0.1464075289651627	6.284e-05
1571	3.6585394144058228	0.14566390208551414	6.288000000000001e-05
1572	3.655581772327423	0.1464311556493899	6.292e-05
1573	3.667008399963379	0.14390948963317385	6.296000000000001e-05
1574	3.6540603041648865	0.14601681345076062	6.3e-05
1575	3.6564250588417053	0.1465185775475645	6.303999999999999e-05
1576	3.6342687606811523	0.15082999711910036	6.308e-05
1577	3.6548072695732117	0.14746249601021386	6.312e-05
1578	3.6393644213676453	0.14809947533681772	6.316000000000001e-05
1579	3.642044723033905	0.15128294208149287	6.32e-05
1580	3.6495630741119385	0.14764144363179815	6.324e-05
1581	3.664137065410614	0.14489883684879035	6.328e-05
1582	3.6362165212631226	0.15084032775773043	6.332e-05
1583	3.6334933042526245	0.15037676860796023	6.336e-05
1584	3.656755566596985	0.14654610050079786	6.340000000000001e-05
1585	3.6446491479873657	0.14868827850844493	6.344e-05
1586	3.643390476703644	0.1500154933378647	6.348000000000001e-05
1587	3.66643887758255	0.14476601354185392	6.352e-05
1588	3.640619456768036	0.14937775993576877	6.356000000000001e-05
1589	3.662412643432617	0.145141009520388	6.36e-05
1590	3.6632437705993652	0.14416905401223784	6.364e-05
1591	3.647449254989624	0.14783669340843505	6.368e-05
1592	3.6548078656196594	0.14801393728222997	6.372e-05
1593	3.6645657420158386	0.14575765115700423	6.376e-05
1594	3.665592610836029	0.14580412975831866	6.38e-05
1595	3.636096239089966	0.1485521737391513	6.384e-05
1596	3.6363457441329956	0.15043445334608793	6.388e-05
1597	3.651662528514862	0.14928575685931694	6.392e-05
1598	3.6486423015594482	0.1490016747395128	6.396e-05
1599	3.654345691204071	0.14559957141581595	6.400000000000001e-05
1600	3.640749752521515	0.15069078195921853	6.404e-05
1601	3.635095238685608	0.15123057639123774	6.408000000000001e-05
1602	3.652701258659363	0.1475659941784603	6.412e-05
1603	3.643943727016449	0.14903439561423582	6.416e-05
1604	3.644994556903839	0.14763083804237137	6.42e-05
1605	3.6468907594680786	0.149265337036102	6.424e-05
1606	3.644290864467621	0.14927183259605348	6.428e-05
1607	3.6553995013237	0.14661782075150642	6.432000000000001e-05
1608	3.643847167491913	0.15162107144630357	6.436e-05
1609	3.6543569564819336	0.1443700669397542	6.440000000000001e-05
1610	3.641071081161499	0.14892940533558546	6.444e-05
1611	3.652181565761566	0.1477269323321784	6.448e-05
1612	3.6576696038246155	0.14596117595155014	6.452e-05
1613	3.648890733718872	0.14565084945517015	6.455999999999999e-05
1614	3.6547465324401855	0.14559451673785637	6.460000000000001e-05
1615	3.6300296783447266	0.1529604935814509	6.464e-05
1616	3.6449280977249146	0.15031543390790322	6.468000000000001e-05
1617	3.6533629298210144	0.14662250466394644	6.472e-05
1618	3.653180778026581	0.14534047836884068	6.476e-05
1619	3.6414288878440857	0.1482943950861029	6.48e-05
1620	3.637121617794037	0.15067203235270796	6.484e-05
1621	3.6446555852890015	0.14698722764838468	6.488e-05
1622	3.6452924013137817	0.1485673223749214	6.492000000000001e-05
1623	3.6559256315231323	0.14529503665424828	6.496e-05
1624	3.639865756034851	0.15015498450154985	6.500000000000001e-05
1625	3.64590322971344	0.14700230207186468	6.504e-05
1626	3.646149754524231	0.14823683713720776	6.508000000000001e-05
1627	3.6550636887550354	0.14711359404096835	6.512e-05
1628	3.6430652141571045	0.14916640830491354	6.515999999999999e-05
1629	3.6442885398864746	0.14786760910137792	6.52e-05
1630	3.649168908596039	0.14904719145964282	6.524e-05
1631	3.6481462717056274	0.14794279251778977	6.528000000000001e-05
1632	3.633603870868683	0.15187129618581713	6.532e-05
1633	3.6572539806365967	0.14534066087511593	6.536e-05
1634	3.640697419643402	0.15071089096998014	6.54e-05
1635	3.6455675959587097	0.1482700329088854	6.544e-05
1636	3.6348963379859924	0.1512918783485348	6.548e-05
1637	3.6488577723503113	0.14883414911327544	6.552000000000001e-05
1638	3.65636670589447	0.1458133205251361	6.556e-05
1639	3.6517922282218933	0.1469286493996229	6.560000000000001e-05
1640	3.637799084186554	0.14887468518276958	6.564e-05
1641	3.6511356234550476	0.14757729027623978	6.568000000000001e-05
1642	3.635787010192871	0.14963332032696022	6.572e-05
1643	3.6316985487937927	0.15236866908080757	6.576e-05
1644	3.657478094100952	0.14644689814907255	6.58e-05
1645	3.6558929681777954	0.14609284275094045	6.584e-05
1646	3.6462321877479553	0.1504140662506001	6.588000000000001e-05
1647	3.648066461086273	0.14696138060624042	6.592e-05
1648	3.647754728794098	0.14788633818589025	6.596e-05
1649	3.664207100868225	0.14458749369142926	6.6e-05
1650	3.664889097213745	0.14484550339813498	6.604e-05
1651	3.642426311969757	0.14947032942803595	6.608e-05
1652	3.6472862362861633	0.14751032184251106	6.612000000000001e-05
1653	3.6496829986572266	0.14780108826484428	6.616e-05
1654	3.643667459487915	0.1501043219076006	6.620000000000001e-05
1655	3.633674681186676	0.15018094693893919	6.624e-05
1656	3.654022216796875	0.14647472731305067	6.628e-05
1657	3.65162593126297	0.1473809143860209	6.632e-05
1658	3.62986022233963	0.15268709693545968	6.636e-05
1659	3.6472989320755005	0.14792716388126714	6.64e-05
1660	3.6455496549606323	0.15016303586789093	6.644000000000001e-05
1661	3.657506048679352	0.14498478405449525	6.648e-05
1662	3.632541537284851	0.15232754342431762	6.652000000000001e-05
1663	3.6441832780838013	0.14808929927649198	6.656e-05
1664	3.6571667194366455	0.14761596333017787	6.66e-05
1665	3.6452901363372803	0.14928048548453318	6.664e-05
1666	3.650039494037628	0.14930655951823085	6.667999999999999e-05
1667	3.6333290338516235	0.15050883237408638	6.672e-05
1668	3.6419771909713745	0.15030294546981543	6.676e-05
1669	3.648907959461212	0.14828771915795366	6.680000000000001e-05
1670	3.6507732272148132	0.14751176529488336	6.684e-05
1671	3.656996726989746	0.14555778754549614	6.688e-05
1672	3.642535090446472	0.149408342961871	6.692e-05
1673	3.6495514512062073	0.14957812074718496	6.696e-05
1674	3.6413158178329468	0.14957937693642023	6.7e-05
1675	3.6387654542922974	0.15008135437566755	6.704000000000001e-05
1676	3.640139639377594	0.14977215890557197	6.708e-05
1677	3.651510536670685	0.14861866304173996	6.712000000000001e-05
1678	3.6503825783729553	0.14664891873367172	6.716e-05
1679	3.652263581752777	0.1468679934125677	6.720000000000001e-05
1680	3.649292528629303	0.1489019498828482	6.724e-05
1681	3.6458367705345154	0.14878379186007132	6.727999999999999e-05
1682	3.6431753635406494	0.14872442385317453	6.732e-05
1683	3.665368974208832	0.14458474841024296	6.736e-05
1684	3.6474509239196777	0.14874544799711872	6.740000000000001e-05
1685	3.643514394760132	0.14797834511966118	6.744e-05
1686	3.6410799622535706	0.15090081092957297	6.748e-05
1687	3.6409575939178467	0.1491109711852718	6.752e-05
1688	3.640264570713043	0.14936450137418517	6.756e-05
1689	3.650342106819153	0.147230378937696	6.76e-05
1690	3.6501432061195374	0.14760411290642741	6.764000000000001e-05
1691	3.626076400279999	0.15271890038439115	6.768e-05
1692	3.6423404216766357	0.15093627002743212	6.772000000000001e-05
1693	3.634701192378998	0.15264413439178895	6.776e-05
1694	3.6546637415885925	0.14833067258971333	6.780000000000001e-05
1695	3.6419617533683777	0.1505714824781784	6.784e-05
1696	3.6444995999336243	0.14826957379597613	6.788e-05
1697	3.633038818836212	0.1534354433169383	6.792e-05
1698	3.6204901337623596	0.15482512177593227	6.796e-05
1699	3.6522120237350464	0.14700709503347656	6.800000000000001e-05
1700	3.6436526775360107	0.15026562609016336	6.804e-05
1701	3.6511394381523132	0.1476981841452684	6.808e-05
1702	3.6574844121932983	0.1455473954570993	6.812e-05
1703	3.647055685520172	0.1490158386896538	6.816e-05
1704	3.6480270624160767	0.14782418326019245	6.82e-05
1705	3.6551852226257324	0.1472650911303758	6.824e-05
1706	3.65006285905838	0.14787787200620384	6.828e-05
1707	3.653000295162201	0.1462068005013828	6.832000000000001e-05
1708	3.6449959874153137	0.1478981159667064	6.836e-05
1709	3.6323662996292114	0.15163905815240697	6.840000000000001e-05
1710	3.632340371608734	0.15281031028536685	6.844e-05
1711	3.649907946586609	0.1461187214611872	6.848e-05
1712	3.649285078048706	0.14809495983915855	6.852e-05
1713	3.6492398381233215	0.1488422164850829	6.856000000000001e-05
1714	3.6426514983177185	0.1499111865281375	6.860000000000001e-05
1715	3.636817514896393	0.15068177722603768	6.864000000000001e-05
1716	3.660623610019684	0.1454798303185529	6.868e-05
1717	3.6452863812446594	0.14857940845523226	6.872e-05
1718	3.636873960494995	0.15134249838701672	6.876e-05
1719	3.6474149227142334	0.14634244453830528	6.879999999999999e-05
1720	3.641851544380188	0.14786078474839282	6.884e-05
1721	3.65069317817688	0.14763963132716204	6.888e-05
1722	3.6644404530525208	0.14466868012080725	6.892000000000001e-05
1723	3.6350327730178833	0.14965125548027103	6.896e-05
1724	3.6404755115509033	0.14984184635647932	6.9e-05
1725	3.6496134400367737	0.14770357509903115	6.904e-05
1726	3.6375503540039062	0.15027515449452178	6.908e-05
1727	3.643375337123871	0.1492435353920958	6.912e-05
1728	3.655331254005432	0.14722277523392396	6.916000000000001e-05
1729	3.6469783186912537	0.1463266120982232	6.92e-05
1730	3.6508013010025024	0.1474293700708795	6.924000000000001e-05
1731	3.655147969722748	0.14698993797935325	6.928e-05
1732	3.6363012194633484	0.1498889197445154	6.932000000000001e-05
1733	3.6496723890304565	0.1481785428342674	6.936e-05
1734	3.638177216053009	0.14835614252084747	6.939999999999999e-05
1735	3.6572360396385193	0.14602088584803746	6.944e-05
1736	3.630682587623596	0.1515406330710553	6.948e-05
1737	3.642792761325836	0.14723920242513983	6.952000000000001e-05
1738	3.633190393447876	0.15035897231070328	6.956e-05
1739	3.634093761444092	0.15146545812337875	6.96e-05
1740	3.6614431738853455	0.1468918096264583	6.964e-05
1741	3.647395968437195	0.1500512137153313	6.968e-05
1742	3.659121572971344	0.14417511034063624	6.972e-05
1743	3.656198263168335	0.14687752879706684	6.976000000000001e-05
1744	3.654157519340515	0.1466322848890088	6.98e-05
1745	3.643118679523468	0.1500758923635194	6.984000000000001e-05
1746	3.6419289112091064	0.1491914759024236	6.988e-05
1747	3.645618975162506	0.1487394705475816	6.992000000000001e-05
1748	3.6416531801223755	0.14970353261141275	6.996e-05
1749	3.6550946831703186	0.14649522936876283	7e-05
1750	3.626901090145111	0.15365302035489045	7.004e-05
1751	3.6542155742645264	0.1482216210800521	7.008e-05
1752	3.6415295004844666	0.14884377157609294	7.012000000000001e-05
1753	3.657979369163513	0.14416540030392705	7.016e-05
1754	3.6418092846870422	0.15012626887843525	7.02e-05
1755	3.654994785785675	0.14591679971081725	7.024e-05
1756	3.640832483768463	0.15114342418893179	7.028e-05
1757	3.6535831093788147	0.14713462629237858	7.032e-05
1758	3.6483924984931946	0.1475285852182826	7.036e-05
1759	3.6338459849357605	0.15236214188811747	7.04e-05
1760	3.6542564630508423	0.14859648428220762	7.044000000000001e-05
1761	3.634220600128174	0.1508628411058697	7.048e-05
1762	3.617041826248169	0.15501549956283284	7.052000000000001e-05
1763	3.6574122309684753	0.14637220188441458	7.056e-05
1764	3.6417065262794495	0.15040589966992773	7.06e-05
1765	3.6478843092918396	0.14813924126736006	7.064e-05
1766	3.646108090877533	0.14868157991585187	7.068000000000001e-05
1767	3.6471753120422363	0.1482585192958834	7.072000000000001e-05
1768	3.6408005356788635	0.1495411013567438	7.076000000000001e-05
1769	3.6602726578712463	0.1459575103238967	7.08e-05
1770	3.649437129497528	0.14859849351734844	7.084e-05
1771	3.629901945590973	0.15283938996425103	7.088e-05
1772	3.6360654830932617	0.14970569392167854	7.092e-05
1773	3.633461594581604	0.14971451467494742	7.096e-05
1774	3.637050449848175	0.1513092525868904	7.1e-05
1775	3.6466678380966187	0.14702862664573016	7.104000000000001e-05
1776	3.63491153717041	0.15110327797028716	7.108e-05
1777	3.6548656821250916	0.14546505370986706	7.112000000000001e-05
1778	3.6386582255363464	0.1496149614961496	7.116e-05
1779	3.6409571766853333	0.14974257859568407	7.12e-05
1780	3.6525798439979553	0.1466209841600874	7.124e-05
1781	3.6419901847839355	0.14839348789737536	7.128000000000001e-05
1782	3.6471058130264282	0.14784451177251035	7.132e-05
1783	3.6425883173942566	0.14880661229623565	7.136000000000001e-05
1784	3.636662185192108	0.1511096120078174	7.14e-05
1785	3.6577965021133423	0.14680165669581224	7.144000000000001e-05
1786	3.655825436115265	0.14512817446079018	7.148e-05
1787	3.6254592537879944	0.15232987462602934	7.151999999999999e-05
1788	3.6446080207824707	0.14931166960140868	7.156e-05
1789	3.6505773067474365	0.14743486651656482	7.16e-05
1790	3.657081365585327	0.14605032768022413	7.164000000000001e-05
1791	3.6570427417755127	0.14721105227535136	7.168e-05
1792	3.658708870410919	0.14611053222186599	7.172e-05
1793	3.6563613414764404	0.14569868229871236	7.176e-05
1794	3.6506386399269104	0.14865948785818844	7.18e-05
1795	3.6339202523231506	0.15068849571691617	7.184e-05
1796	3.649311363697052	0.1470474452192717	7.188e-05
1797	3.648638129234314	0.1488086347840806	7.192e-05
1798	3.6547107696533203	0.1463837417812313	7.196000000000001e-05
1799	3.653255879878998	0.14598256150362138	7.2e-05
1800	3.6454102993011475	0.14922657865436614	7.204000000000001e-05
1801	3.644801080226898	0.1488431263417349	7.208e-05
1802	3.6317047476768494	0.1518424333084019	7.212e-05
1803	3.619340181350708	0.15214007782101166	7.216e-05
1804	3.618281900882721	0.1531647349496816	7.22e-05
1805	3.647569417953491	0.14764719933118356	7.224000000000001e-05
1806	3.649080455303192	0.14764471992745318	7.228e-05
1807	3.6497862339019775	0.1457753755663302	7.232e-05
1808	3.6500481367111206	0.14875080205325633	7.236e-05
1809	3.6483119130134583	0.14628630376130772	7.24e-05
1810	3.6530796885490417	0.1476550258002056	7.244e-05
1811	3.6370384097099304	0.15127670144063587	7.248e-05
1812	3.6285772919654846	0.1500974071619369	7.252e-05
1813	3.625267744064331	0.15237751438942704	7.256000000000001e-05
1814	3.64458829164505	0.1494360248447205	7.26e-05
1815	3.630734920501709	0.1515037445021199	7.264000000000001e-05
1816	3.6473527550697327	0.14753804656162597	7.268e-05
1817	3.630645215511322	0.15125680875518466	7.272e-05
1818	3.635422945022583	0.15108220386876728	7.276e-05
1819	3.6575058698654175	0.1473215177732931	7.280000000000001e-05
1820	3.643323004245758	0.14775171309958485	7.284000000000001e-05
1821	3.6434059143066406	0.14904649882376494	7.288000000000001e-05
1822	3.647756338119507	0.14927600088121606	7.292e-05
1823	3.657503306865692	0.1462650888041567	7.296e-05
1824	3.6215709447860718	0.15450503530157347	7.3e-05
1825	3.633261024951935	0.1508273101965235	7.304e-05
1826	3.64422208070755	0.14943848265535314	7.308e-05
1827	3.6260393261909485	0.15297922480008677	7.312e-05
1828	3.654955506324768	0.14603478729455438	7.316000000000001e-05
1829	3.665967285633087	0.1440305483184503	7.32e-05
1830	3.6251164078712463	0.15288962695451225	7.324000000000001e-05
1831	3.649965286254883	0.14697273916908907	7.328e-05
1832	3.630253791809082	0.150420302298185	7.332e-05
1833	3.646210193634033	0.14748617847234696	7.336e-05
1834	3.6417847871780396	0.1499108503580927	7.340000000000001e-05
1835	3.6241968274116516	0.15361566120655215	7.344000000000002e-05
1836	3.6158634424209595	0.15503409348819308	7.348000000000001e-05
1837	3.6524348855018616	0.14763771652598312	7.352e-05
1838	3.6472830772399902	0.14774185785336114	7.356000000000001e-05
1839	3.666356325149536	0.14378889121944885	7.36e-05
1840	3.654898524284363	0.14527585481431018	7.364e-05
1841	3.6366636157035828	0.14812156018186168	7.368e-05
1842	3.6540046334266663	0.1480265455815578	7.372e-05
1843	3.6500163078308105	0.14877782193958664	7.376000000000001e-05
1844	3.653325080871582	0.14660873039656377	7.38e-05
1845	3.651263654232025	0.14832804785034723	7.384e-05
1846	3.6434242129325867	0.14824393009538778	7.388e-05
1847	3.6578312516212463	0.14666547078051503	7.392e-05
1848	3.632175922393799	0.15190722733508918	7.396e-05
1849	3.63774311542511	0.14978858667946143	7.4e-05
1850	3.6477044820785522	0.14795780632905065	7.404e-05
1851	3.655506432056427	0.14610450764823094	7.408000000000001e-05
1852	3.647621273994446	0.14755923837804216	7.412e-05
1853	3.639012336730957	0.15144726050689125	7.416000000000001e-05
1854	3.6510120034217834	0.14610171866710708	7.42e-05
1855	3.646673798561096	0.14845410194247405	7.424e-05
1856	3.657660961151123	0.14483801338863855	7.428e-05
1857	3.6626959443092346	0.14577540319377136	7.432e-05
1858	3.6454601287841797	0.14738412572110604	7.436000000000001e-05
1859	3.66362601518631	0.14330283068546504	7.44e-05
1860	3.6220515370368958	0.15273884460760354	7.444e-05
1861	3.64999657869339	0.14481844104568387	7.448e-05
1862	3.6378735303878784	0.1495412570451586	7.452e-05
1863	3.634685516357422	0.14950235621133173	7.456e-05
1864	3.660210967063904	0.14523509781587834	7.46e-05
1865	3.635136306285858	0.1512096976006246	7.464e-05
1866	3.657595932483673	0.14756130209314547	7.468000000000001e-05
1867	3.645799219608307	0.1477040509676644	7.472e-05
1868	3.640355885028839	0.15021856672010514	7.476000000000001e-05
1869	3.6446831822395325	0.14823522349833926	7.48e-05
1870	3.6437017917633057	0.14891230995196697	7.484e-05
1871	3.6462315917015076	0.14899055454599916	7.488e-05
1872	3.652915060520172	0.14687907023344354	7.492000000000001e-05
1873	3.646357774734497	0.14701895668467319	7.496000000000001e-05
1874	3.6412723660469055	0.1501064867339424	7.500000000000001e-05
1875	3.6487643122673035	0.14944704003784967	7.504e-05
1876	3.6262001395225525	0.15263021249400863	7.508e-05
1877	3.662256419658661	0.14538469214649236	7.512e-05
1878	3.6389353275299072	0.1497560975609756	7.516e-05
1879	3.6449363231658936	0.14920158181909196	7.52e-05
1880	3.6463361382484436	0.14616492041909943	7.524e-05
1881	3.6493070125579834	0.14650803922544675	7.528000000000001e-05
1882	3.6383514404296875	0.15007202105995132	7.532e-05
1883	3.637908101081848	0.15046937056204115	7.536000000000001e-05
1884	3.629927635192871	0.15193063216794317	7.54e-05
1885	3.6720290184020996	0.14355474553774836	7.544e-05
1886	3.6454389095306396	0.1488370695354288	7.548e-05
1887	3.646270453929901	0.14831306730604554	7.552e-05
1888	3.6336957216262817	0.1511897326375597	7.556000000000002e-05
1889	3.6426143646240234	0.15170287873514643	7.560000000000001e-05
1890	3.661799967288971	0.1438972849001993	7.564e-05
1891	3.6371628642082214	0.15120209616769342	7.568000000000001e-05
1892	3.6365952491760254	0.15060626675737324	7.572e-05
1893	3.662397563457489	0.1453516798211916	7.576e-05
1894	3.63931941986084	0.14860015792577488	7.58e-05
1895	3.635473132133484	0.1494960413976719	7.584e-05
1896	3.630847215652466	0.14984245883122288	7.588000000000001e-05
1897	3.652071535587311	0.1463095820153863	7.592e-05
1898	3.6412651538848877	0.14827410813128947	7.596000000000001e-05
1899	3.6332430839538574	0.15116722153142673	7.6e-05
1900	3.6282383799552917	0.15163665306934634	7.604e-05
1901	3.645502209663391	0.14792641776423207	7.608e-05
1902	3.6396116614341736	0.1497853648797045	7.612e-05
1903	3.6658624410629272	0.14538028698292146	7.616e-05
1904	3.648403584957123	0.14684225150841537	7.620000000000001e-05
1905	3.635479211807251	0.15024748046991473	7.624e-05
1906	3.641586661338806	0.14846631866766094	7.628000000000001e-05
1907	3.636592149734497	0.15197592618426034	7.632e-05
1908	3.6345208883285522	0.15020666960953488	7.636e-05
1909	3.6493624448776245	0.14689576495076456	7.64e-05
1910	3.634432554244995	0.15215428724491314	7.644e-05
1911	3.642825722694397	0.15043102590137172	7.648000000000001e-05
1912	3.6416250467300415	0.15001759943681803	7.652e-05
1913	3.6438570618629456	0.14846449039614032	7.656e-05
1914	3.6410062313079834	0.149436806028781	7.66e-05
1915	3.62295401096344	0.15407885047863554	7.664e-05
1916	3.646594762802124	0.14942172242676485	7.668e-05
1917	3.6544743180274963	0.14596632620491543	7.672e-05
1918	3.6419041752815247	0.148047446891153	7.676e-05
1919	3.6497949361801147	0.1475214371590672	7.680000000000001e-05
1920	3.626732885837555	0.15302580109447061	7.684e-05
1921	3.62919944524765	0.15056341404938864	7.688000000000001e-05
1922	3.644311785697937	0.1483557511374837	7.692e-05
1923	3.646232843399048	0.14843086514732182	7.696e-05
1924	3.6533753275871277	0.1476713554351608	7.7e-05
1925	3.636072099208832	0.1482900355161818	7.704000000000001e-05
1926	3.651452958583832	0.14551622684559729	7.708000000000001e-05
1927	3.6486445665359497	0.14908611757189774	7.712000000000001e-05
1928	3.6432440280914307	0.1485317278363669	7.716e-05
1929	3.645938277244568	0.14757411057357303	7.72e-05
1930	3.6482841968536377	0.1480430685327024	7.724e-05
1931	3.647774040699005	0.14742749672372224	7.728e-05
1932	3.6577321887016296	0.14543673991466058	7.732e-05
1933	3.6384085416793823	0.14835808449809404	7.736e-05
1934	3.6499935388565063	0.14946168461051298	7.740000000000001e-05
1935	3.6480149626731873	0.14483838053632103	7.744e-05
1936	3.63364714384079	0.1510038487481649	7.748000000000001e-05
1937	3.6509854197502136	0.1476036107924792	7.752e-05
1938	3.652150511741638	0.14687708335406321	7.756e-05
1939	3.6479260325431824	0.14836616407670442	7.76e-05
1940	3.6493287682533264	0.14739449614890887	7.764e-05
1941	3.645419716835022	0.14990348066628192	7.768e-05
1942	3.6523415446281433	0.14830881117775516	7.772000000000001e-05
1943	3.651749014854431	0.14811076143538587	7.776e-05
1944	3.644222140312195	0.14895965945257797	7.780000000000001e-05
1945	3.6581159234046936	0.1455038589633648	7.784e-05
1946	3.660613000392914	0.14537740958417747	7.788e-05
1947	3.6536760926246643	0.14725807744728614	7.792e-05
1948	3.6333547234535217	0.1484964286428843	7.796e-05
1949	3.653963625431061	0.1462446222508142	7.800000000000001e-05
1950	3.647013306617737	0.1481463000848261	7.804e-05
1951	3.6302958130836487	0.14940334605928562	7.808000000000001e-05
1952	3.6546029448509216	0.1467640563954476	7.812e-05
1953	3.65285587310791	0.14786914765906362	7.816e-05
1954	3.656805098056793	0.14737632685760063	7.82e-05
1955	3.655060827732086	0.14520817006755482	7.824e-05
1956	3.633152425289154	0.15033922388776594	7.828e-05
1957	3.6439855098724365	0.1487188192766272	7.832000000000001e-05
1958	3.6409831047058105	0.14853195164075994	7.836e-05
1959	3.6336271166801453	0.14933354459210552	7.840000000000001e-05
1960	3.6384223103523254	0.1494938647256528	7.844e-05
1961	3.645903170108795	0.14781425919123123	7.848000000000001e-05
1962	3.6545916199684143	0.1465836401919987	7.852e-05
1963	3.648361563682556	0.1476906444573465	7.856000000000001e-05
1964	3.648931562900543	0.1489039457951375	7.860000000000001e-05
1965	3.6274921894073486	0.15034965034965034	7.864e-05
1966	3.64466255903244	0.14823629746427475	7.868000000000001e-05
1967	3.637581467628479	0.14991585592941856	7.872e-05
1968	3.647893190383911	0.14815146806900123	7.876e-05
1969	3.6466299891471863	0.14873622490119756	7.88e-05
1970	3.6427282094955444	0.14934140440656704	7.884e-05
1971	3.640946686267853	0.14861181826349995	7.888e-05
1972	3.638588070869446	0.14872300974938693	7.892000000000001e-05
1973	3.6539648175239563	0.1442325807379203	7.896e-05
1974	3.6210952401161194	0.1535116524369614	7.900000000000001e-05
1975	3.663801372051239	0.14519112207151666	7.904e-05
1976	3.6463547348976135	0.14896296666500075	7.908e-05
1977	3.653790056705475	0.14774387879872358	7.912e-05
1978	3.6519014835357666	0.14948674293338113	7.916e-05
1979	3.6377922892570496	0.1500877472878111	7.920000000000001e-05
1980	3.650774896144867	0.14658790301728425	7.924000000000001e-05
1981	3.6523629426956177	0.14625541082758484	7.928e-05
1982	3.6487725377082825	0.1467954664623079	7.932e-05
1983	3.6623623967170715	0.14500858425116214	7.936e-05
1984	3.6357600688934326	0.14979120559989587	7.94e-05
1985	3.637637138366699	0.15023816418849423	7.944e-05
1986	3.6382620334625244	0.14996175205396436	7.948e-05
1987	3.6528892517089844	0.14660288600861435	7.952000000000001e-05
1988	3.651637613773346	0.1479554273206646	7.956e-05
1989	3.6526783108711243	0.14546251382013406	7.960000000000001e-05
1990	3.6456011533737183	0.14801254712593634	7.964e-05
1991	3.642687141895294	0.14695077149155034	7.968e-05
1992	3.653104841709137	0.14794586321759745	7.972e-05
1993	3.6429805159568787	0.14793626872626683	7.976e-05
1994	3.6497724056243896	0.1480688831375672	7.98e-05
1995	3.6497989296913147	0.14679685164889908	7.984000000000001e-05
1996	3.6393160820007324	0.14894166236448117	7.988e-05
1997	3.648285388946533	0.14930648636304966	7.992000000000001e-05
1998	3.6596306562423706	0.1454307337019005	7.996e-05
1999	3.6493274569511414	0.14756664124179056	8e-05
2000	3.6462027430534363	0.14917970621108095	8.004e-05
2001	3.638759970664978	0.14852244215221633	8.008e-05
2002	3.6580454111099243	0.1448520237560513	8.012000000000001e-05
2003	3.6266050338745117	0.15026929982046677	8.016e-05
2004	3.625206232070923	0.15332818966121906	8.020000000000001e-05
2005	3.6345512866973877	0.14979491712268225	8.024e-05
2006	3.631893813610077	0.1510656248116827	8.028e-05
2007	3.646083116531372	0.14904705330311593	8.032e-05
2008	3.6595407128334045	0.1464494386503679	8.036e-05
2009	3.6526415944099426	0.1460689917742889	8.04e-05
2010	3.6312098503112793	0.15044511565058422	8.044000000000001e-05
2011	3.6326944828033447	0.15055728845886396	8.048e-05
2012	3.6512436270713806	0.14630667650755022	8.052000000000001e-05
2013	3.6470218896865845	0.14785772349663936	8.056e-05
2014	3.6558374166488647	0.14700609537468626	8.060000000000001e-05
2015	3.655224084854126	0.14592425031028547	8.064e-05
2016	3.631768822669983	0.15141848581514186	8.068e-05
2017	3.642159342765808	0.14736767918810345	8.072000000000001e-05
2018	3.648591160774231	0.14587731527584147	8.076e-05
2019	3.6503102779388428	0.14692251483939422	8.080000000000001e-05
2020	3.6369146704673767	0.14910107870555334	8.084e-05
2021	3.640010118484497	0.14923565614453047	8.088e-05
2022	3.6385634541511536	0.15066832328009458	8.092e-05
2023	3.6620545387268066	0.14457033912536674	8.096e-05
2024	3.637568771839142	0.14914801269943334	8.1e-05
2025	3.6416451930999756	0.14945489397388284	8.104000000000001e-05
2026	3.6442936062812805	0.14941942452518828	8.108e-05
2027	3.6442875266075134	0.14750089823945067	8.112000000000001e-05
2028	3.643147647380829	0.14869620138951548	8.116e-05
2029	3.6521944999694824	0.1470579425068147	8.120000000000001e-05
2030	3.639313220977783	0.14957049014653864	8.124e-05
2031	3.6503705382347107	0.1453399199251041	8.128e-05
2032	3.640185594558716	0.14903387404580154	8.132e-05
2033	3.652936637401581	0.14564240790655886	8.136000000000001e-05
2034	3.634842872619629	0.15074360736734105	8.14e-05
2035	3.6385152339935303	0.14804751799773913	8.144e-05
2036	3.6297293305397034	0.15096002644204284	8.148e-05
2037	3.65235298871994	0.145130216911728	8.152e-05
2038	3.645730197429657	0.14932594533281135	8.156e-05
2039	3.6497177481651306	0.14547510859339033	8.16e-05
2040	3.648331344127655	0.1485965768223592	8.164000000000001e-05
2041	3.639196038246155	0.1499745602921077	8.168e-05
2042	3.6359744668006897	0.148734462033861	8.172000000000001e-05
2043	3.632022261619568	0.15130500442121786	8.176e-05
2044	3.6090445518493652	0.1559085501784411	8.18e-05
2045	3.6231688261032104	0.15234285142771417	8.184e-05
2046	3.646655797958374	0.14530375160932962	8.188e-05
2047	3.647965908050537	0.1454591144393627	8.192e-05
2048	3.640695810317993	0.14993473300317864	8.196000000000001e-05
2049	3.638983726501465	0.14885611684958036	8.2e-05
2050	3.631529748439789	0.15010467550593162	8.204000000000001e-05
2051	3.651012897491455	0.14666586180530403	8.208e-05
2052	3.6411558389663696	0.14918277855292006	8.212e-05
2053	3.646720767021179	0.14720822274575293	8.216e-05
2054	3.635762870311737	0.151314734648068	8.22e-05
2055	3.6375532150268555	0.1495300827375693	8.224000000000001e-05
2056	3.654326558113098	0.14660646953760667	8.228e-05
2057	3.6532968878746033	0.14674005504128096	8.232000000000001e-05
2058	3.643550992012024	0.14698201969461389	8.236e-05
2059	3.64319771528244	0.14978352381238064	8.24e-05
2060	3.6515528559684753	0.14837196358287283	8.244e-05
2061	3.6304129362106323	0.15154252362423568	8.248e-05
2062	3.6450060606002808	0.14893129618931894	8.252e-05
2063	3.6419965624809265	0.14872806271086328	8.256000000000001e-05
2064	3.6379324197769165	0.15001949083930552	8.26e-05
2065	3.646741509437561	0.14786556592058336	8.264000000000001e-05
2066	3.6413785219192505	0.14940009806570403	8.268e-05
2067	3.643403470516205	0.14859691320905993	8.272000000000001e-05
2068	3.631856381893158	0.15186871466453195	8.276e-05
2069	3.6528639793395996	0.1473080239022505	8.28e-05
2070	3.631284713745117	0.150803473500971	8.284000000000001e-05
2071	3.6644784212112427	0.14429337038507345	8.288e-05
2072	3.642812430858612	0.14891692264869325	8.292000000000001e-05
2073	3.6403549909591675	0.14767070324629145	8.296e-05
2074	3.6397407054901123	0.14997546638895287	8.3e-05
2075	3.638209283351898	0.14918338265921297	8.304e-05
2076	3.650623142719269	0.14664227079418454	8.308e-05
2077	3.6488704085350037	0.1480942798509693	8.312e-05
2078	3.6399428844451904	0.14800303842002158	8.316000000000001e-05
2079	3.640545964241028	0.14795374640199993	8.32e-05
2080	3.6484034657478333	0.14828454548169087	8.324000000000001e-05
2081	3.627596139907837	0.15193998708331263	8.328e-05
2082	3.6487175822257996	0.14745308310991956	8.332000000000001e-05
2083	3.6540281176567078	0.14622509681798218	8.336e-05
2084	3.628076732158661	0.15221553065050053	8.34e-05
2085	3.6383212208747864	0.15046333440308088	8.344e-05
2086	3.641345798969269	0.14813447357129314	8.348000000000001e-05
2087	3.6455922722816467	0.14663706725865483	8.352000000000001e-05
2088	3.647944927215576	0.14652186968271444	8.356e-05
2089	3.6418212056159973	0.1499035957780914	8.36e-05
2090	3.630396783351898	0.15186063024411708	8.364e-05
2091	3.640135407447815	0.15113161854837906	8.368e-05
2092	3.655694901943207	0.14618477100645433	8.372e-05
2093	3.631953001022339	0.15172764633124528	8.376000000000001e-05
2094	3.6413065791130066	0.14826944325545746	8.38e-05
2095	3.644522488117218	0.14950738916256157	8.384000000000001e-05
2096	3.6350560188293457	0.15041172546325338	8.388e-05
2097	3.632167339324951	0.15229114542319155	8.392e-05
2098	3.6418301463127136	0.1482416825545762	8.396e-05
2099	3.625591814517975	0.15326758816586986	8.4e-05
2100	3.639430284500122	0.14942403286138092	8.404e-05
2101	3.6415920853614807	0.14850013961466352	8.408000000000001e-05
2102	3.637328028678894	0.14852845973806086	8.412e-05
2103	3.638800859451294	0.14874375889795674	8.416000000000001e-05
2104	3.6381731629371643	0.14904325294000398	8.42e-05
2105	3.6543370485305786	0.14594507400088721	8.424e-05
2106	3.638945162296295	0.14974680250595465	8.428e-05
2107	3.6377106308937073	0.1514246597087186	8.431999999999999e-05
2108	3.6341671347618103	0.15025051813992796	8.436000000000001e-05
2109	3.636329710483551	0.14997048612848038	8.44e-05
2110	3.6504769921302795	0.1473471370092476	8.444000000000001e-05
2111	3.6219981908798218	0.15525620341868498	8.448e-05
2112	3.629998505115509	0.15017868908099907	8.452e-05
2113	3.638566315174103	0.14997317649863895	8.456e-05
2114	3.638501524925232	0.14816141000009947	8.46e-05
2115	3.6510775685310364	0.14741666914159562	8.464e-05
2116	3.6293177008628845	0.15056365519439133	8.468000000000001e-05
2117	3.625153958797455	0.15222288676236045	8.472e-05
2118	3.653795003890991	0.14774312943481746	8.476000000000001e-05
2119	3.645315706729889	0.14736372203759734	8.48e-05
2120	3.6355412006378174	0.14950254912636737	8.484000000000001e-05
2121	3.651915431022644	0.14605062639776753	8.488e-05
2122	3.6327287554740906	0.15052523956537428	8.492e-05
2123	3.6535792350769043	0.14543061938609697	8.496e-05
2124	3.6435431241989136	0.14782548297794226	8.5e-05
2125	3.657169759273529	0.14387050560120979	8.504000000000001e-05
2126	3.6407399773597717	0.1479567825207526	8.508e-05
2127	3.6400219202041626	0.14938893170648704	8.512e-05
2128	3.6349207162857056	0.15068972061570426	8.516e-05
2129	3.653598129749298	0.14650263829956375	8.52e-05
2130	3.6539732813835144	0.14644760745014274	8.524e-05
2131	3.661190629005432	0.14483078258125592	8.528000000000001e-05
2132	3.6364725828170776	0.14855686754481887	8.532e-05
2133	3.651064932346344	0.1459386317507064	8.536000000000001e-05
2134	3.636017918586731	0.14884866787197265	8.54e-05
2135	3.6473089456558228	0.1494031267169472	8.544000000000001e-05
2136	3.6428380608558655	0.1494743593598108	8.548e-05
2137	3.643069624900818	0.14887509312143035	8.552e-05
2138	3.6407535672187805	0.14925803341582927	8.556e-05
2139	3.645127534866333	0.14685425857477843	8.560000000000001e-05
2140	3.6509739756584167	0.14642202936848744	8.564000000000001e-05
2141	3.644850730895996	0.14981719917342234	8.568e-05
2142	3.6416162252426147	0.14812317151782614	8.572e-05
2143	3.6358577609062195	0.14904921700223714	8.576e-05
2144	3.64287132024765	0.14982043616957247	8.58e-05
2145	3.6393381357192993	0.1473269768043031	8.584e-05
2146	3.6526113748550415	0.14510536407984023	8.588000000000001e-05
2147	3.6234484910964966	0.15349202561349085	8.592e-05
2148	3.646910846233368	0.14756578752187974	8.596000000000001e-05
2149	3.6427692770957947	0.1486587919250978	8.6e-05
2150	3.6439639925956726	0.1498109782250905	8.604000000000001e-05
2151	3.6536972522735596	0.14513080672436088	8.608e-05
2152	3.6359755992889404	0.149315930963493	8.612e-05
2153	3.6578375101089478	0.14324808438650613	8.616e-05
2154	3.644025981426239	0.14727426328082294	8.620000000000001e-05
2155	3.6293618083000183	0.15343815305005473	8.624000000000001e-05
2156	3.6480705738067627	0.14778693178988056	8.628000000000001e-05
2157	3.6472784876823425	0.14868675475346438	8.632e-05
2158	3.646342933177948	0.14775366778503504	8.636e-05
2159	3.654347598552704	0.14587813620071685	8.64e-05
2160	3.613548517227173	0.15455327491697676	8.643999999999999e-05
2161	3.650910258293152	0.1480408994687862	8.648e-05
2162	3.631882905960083	0.15047992671658436	8.652e-05
2163	3.638616681098938	0.14966221896914966	8.656000000000001e-05
2164	3.6264708638191223	0.1522335462427167	8.66e-05
2165	3.6338430047035217	0.14915101877746703	8.664e-05
2166	3.6344387531280518	0.150317748072594	8.668e-05
2167	3.64524906873703	0.14824669393590406	8.672e-05
2168	3.6289583444595337	0.15113357689805315	8.676e-05
2169	3.6402608156204224	0.1501514668367347	8.680000000000001e-05
2170	3.6440739035606384	0.1494936151475121	8.684e-05
2171	3.6309564113616943	0.15067531660165845	8.688000000000001e-05
2172	3.655498445034027	0.14638358693386536	8.692e-05
2173	3.6302035450935364	0.14981012784062667	8.696000000000001e-05
2174	3.642818510532379	0.1467250308014384	8.7e-05
2175	3.6392276883125305	0.14782139538601416	8.704e-05
2176	3.648068606853485	0.14617582920927638	8.708e-05
2177	3.629937708377838	0.15161167918197796	8.712e-05
2178	3.614056169986725	0.15421617153499118	8.716000000000001e-05
2179	3.641519844532013	0.14796610169491525	8.72e-05
2180	3.6310316920280457	0.15090440824149498	8.724e-05
2181	3.6378843784332275	0.14852816655874881	8.728e-05
2182	3.6434852480888367	0.1491185234645167	8.732e-05
2183	3.623212695121765	0.15348139017019247	8.736e-05
2184	3.6536022424697876	0.14707298479316294	8.740000000000001e-05
2185	3.6493141651153564	0.1480475280630523	8.744e-05
2186	3.649134576320648	0.14660090803166057	8.748000000000001e-05
2187	3.6476821899414062	0.14807974523056036	8.752e-05
2188	3.6473982334136963	0.14817370089290177	8.756000000000001e-05
2189	3.627833306789398	0.15219078529598531	8.76e-05
2190	3.6387673020362854	0.1486718122999792	8.764e-05
2191	3.652718484401703	0.14598847829141492	8.768e-05
2192	3.6472712755203247	0.14788859299601545	8.772000000000001e-05
2193	3.6351547837257385	0.14991171101068446	8.776000000000001e-05
2194	3.644976258277893	0.1469264914594007	8.78e-05
2195	3.6543580293655396	0.14598685520812588	8.784e-05
2196	3.6479673385620117	0.14798481073696054	8.788e-05
2197	3.6595264673233032	0.14505630540691639	8.792e-05
2198	3.6509626507759094	0.1461393672008047	8.796e-05
2199	3.6359047889709473	0.15031005528577504	8.800000000000001e-05
2200	3.646417200565338	0.1469912586891017	8.804e-05
2201	3.656215488910675	0.14567597810014787	8.808000000000001e-05
2202	3.646869421005249	0.14906199626183012	8.812e-05
2203	3.6334394216537476	0.14986218768345955	8.816000000000001e-05
2204	3.643896758556366	0.14734147968888492	8.82e-05
2205	3.621299147605896	0.15488578997350927	8.824e-05
2206	3.6548191905021667	0.1455557665590549	8.828e-05
2207	3.623872220516205	0.15204965213474148	8.832000000000001e-05
2208	3.65137255191803	0.14593755905433495	8.836000000000001e-05
2209	3.654636800289154	0.14461880044405773	8.840000000000001e-05
2210	3.6370046138763428	0.1510530210604212	8.844e-05
2211	3.6350128650665283	0.14928002069878296	8.848e-05
2212	3.61969918012619	0.15406062410080865	8.852e-05
2213	3.6236842274665833	0.15228860120614798	8.856e-05
2214	3.623207211494446	0.15102020553045722	8.86e-05
2215	3.6353299617767334	0.14977429223425776	8.864e-05
2216	3.6402329206466675	0.14936289525938196	8.868000000000001e-05
2217	3.646937370300293	0.14798259967274613	8.872e-05
2218	3.6400933861732483	0.1466470600084604	8.876e-05
2219	3.6375821828842163	0.14775089964014393	8.88e-05
2220	3.6242728233337402	0.15303040873889948	8.884e-05
2221	3.6477301716804504	0.14741812853918346	8.888e-05
2222	3.626507878303528	0.15029333545823081	8.892000000000001e-05
2223	3.624453544616699	0.15109610810063862	8.896e-05
2224	3.6464697122573853	0.14535039561595967	8.900000000000001e-05
2225	3.637288212776184	0.1494259752436239	8.904e-05
2226	3.6439977288246155	0.14777244825410812	8.908000000000001e-05
2227	3.6334533095359802	0.1509426409958772	8.912e-05
2228	3.6421279907226562	0.1462385468574184	8.916e-05
2229	3.6519426703453064	0.14705503924304958	8.92e-05
2230	3.640653610229492	0.14738755385063415	8.924e-05
2231	3.6403443813323975	0.15025533193151097	8.928000000000001e-05
2232	3.6345441937446594	0.1498109211919528	8.932e-05
2233	3.6430665254592896	0.14846584301603236	8.936e-05
2234	3.6309669613838196	0.14954587692215462	8.94e-05
2235	3.623644709587097	0.1514427403067448	8.944e-05
2236	3.649907171726227	0.14813753015144926	8.948e-05
2237	3.6398515701293945	0.15052006535687243	8.952000000000001e-05
2238	3.6576807498931885	0.14432086078703985	8.956e-05
2239	3.6244001388549805	0.151372259717473	8.960000000000001e-05
2240	3.6403027772903442	0.14868620388670953	8.964e-05
2241	3.6375587582588196	0.14965530352300813	8.968000000000001e-05
2242	3.6407715678215027	0.14825973202251644	8.972e-05
2243	3.6363757848739624	0.14793636245903108	8.976e-05
2244	3.6469555497169495	0.1480813316057012	8.98e-05
2245	3.6385234594345093	0.14954376817407	8.984000000000001e-05
2246	3.638838052749634	0.1493528441060103	8.988000000000001e-05
2247	3.6320648193359375	0.15103043076280706	8.992e-05
2248	3.638543665409088	0.1490353697749196	8.996e-05
2249	3.641935884952545	0.1483368534849501	9e-05
2250	3.6418451070785522	0.14948676011679593	9.004e-05
2251	3.655153274536133	0.14647157140426553	9.008e-05
2252	3.6490874886512756	0.14628484501254518	9.012e-05
2253	3.634799003601074	0.1506827341447276	9.016e-05
2254	3.643270969390869	0.1481040043268364	9.020000000000001e-05
2255	3.6471537351608276	0.14675842808697387	9.024e-05
2256	3.629696846008301	0.1492461206207007	9.028000000000001e-05
2257	3.642943263053894	0.14652718332570222	9.032e-05
2258	3.6373448967933655	0.1498310475054661	9.036e-05
2259	3.653839111328125	0.1455829895777286	9.04e-05
2260	3.653418719768524	0.14709717231838043	9.044000000000001e-05
2261	3.6513840556144714	0.14698499970118928	9.048000000000001e-05
2262	3.62928569316864	0.14973810519607259	9.052000000000001e-05
2263	3.6440852880477905	0.14934542092863745	9.056e-05
2264	3.6448177695274353	0.14990826597907472	9.06e-05
2265	3.6600493788719177	0.14515065537084398	9.064e-05
2266	3.6335588693618774	0.15129823583290192	9.068e-05
2267	3.6369741559028625	0.14890464494187608	9.072e-05
2268	3.6522721648216248	0.14552614525696625	9.076e-05
2269	3.6514123678207397	0.14581739795563592	9.080000000000001e-05
2270	3.6492473483085632	0.14684714361293286	9.084e-05
2271	3.6440632343292236	0.146913001406582	9.088000000000001e-05
2272	3.6425629258155823	0.14828794553464156	9.092e-05
2273	3.6314613819122314	0.15121182305576195	9.096e-05
2274	3.6436119079589844	0.14841837039396413	9.1e-05
2275	3.656357169151306	0.14551947987884886	9.104000000000001e-05
2276	3.637953042984009	0.15022327658386828	9.108000000000002e-05
2277	3.6371179819107056	0.1503224772663542	9.112000000000001e-05
2278	3.6216702461242676	0.15400831235263557	9.116e-05
2279	3.6437456011772156	0.14846927640324598	9.120000000000001e-05
2280	3.6501485109329224	0.14613326411213834	9.124e-05
2281	3.646776258945465	0.1478496752732457	9.128e-05
2282	3.6430010199546814	0.14764356435643564	9.132e-05
2283	3.637785792350769	0.14843477654605033	9.136e-05
2284	3.62757408618927	0.15100095709044506	9.140000000000001e-05
2285	3.6302212476730347	0.148451876150092	9.144e-05
2286	3.655921995639801	0.14599380608274437	9.148e-05
2287	3.6466477513313293	0.1463907117617365	9.152e-05
2288	3.638950765132904	0.1487603305785124	9.156e-05
2289	3.656398296356201	0.1457434890798957	9.16e-05
2290	3.6420565247535706	0.14942117553535053	9.164000000000001e-05
2291	3.6394956707954407	0.14679862048283102	9.168e-05
2292	3.6474704146385193	0.14767332385168566	9.172000000000001e-05
2293	3.654610574245453	0.14573229632432755	9.176e-05
2294	3.648557484149933	0.14584221748400852	9.180000000000001e-05
2295	3.6510223150253296	0.1456353064909809	9.184e-05
2296	3.6494579911231995	0.14606629293201825	9.188e-05
2297	3.644686996936798	0.14660266986650666	9.192e-05
2298	3.655037999153137	0.1455245850922627	9.196000000000001e-05
2299	3.6391541361808777	0.14705182364490985	9.200000000000001e-05
2300	3.621090829372406	0.1522149196831007	9.204e-05
2301	3.6325607895851135	0.1510342958658276	9.208e-05
2302	3.645438551902771	0.14903564586414667	9.212e-05
2303	3.6384865641593933	0.1504605322372566	9.216e-05
2304	3.638249397277832	0.14911875702585514	9.22e-05
2305	3.6292951703071594	0.1502273313876149	9.224e-05
2306	3.628364145755768	0.15076501803863565	9.228e-05
2307	3.642439901828766	0.14748233699714003	9.232000000000001e-05
2308	3.6356837153434753	0.15158176147334027	9.236e-05
2309	3.633129894733429	0.15102387373888723	9.240000000000001e-05
2310	3.630417048931122	0.15045402097025035	9.244e-05
2311	3.6337901949882507	0.1497400243042413	9.248e-05
2312	3.645533561706543	0.14689777388395525	9.252e-05
2313	3.651746153831482	0.1474227945988944	9.256000000000001e-05
2314	3.6432650685310364	0.14627213977979894	9.260000000000001e-05
2315	3.6537853479385376	0.14687170719099785	9.264000000000001e-05
2316	3.6449315547943115	0.14725220072611528	9.268e-05
2317	3.656628370285034	0.1464442247980751	9.272e-05
2318	3.6353163719177246	0.15000996015936255	9.276e-05
2319	3.632299840450287	0.1494532798280469	9.28e-05
2320	3.6483086943626404	0.14723309441886603	9.284e-05
2321	3.6390658020973206	0.14850906642106618	9.288e-05
2322	3.6435234546661377	0.14969846409791748	9.292000000000001e-05
2323	3.6454044580459595	0.14728566749054525	9.296e-05
2324	3.6495315432548523	0.14544023590826674	9.300000000000001e-05
2325	3.6493287682533264	0.14696796622796127	9.304e-05
2326	3.6529247760772705	0.1456683441265513	9.308e-05
2327	3.638701379299164	0.14931371274904778	9.312e-05
2328	3.6453205943107605	0.1471625552943052	9.316000000000001e-05
2329	3.6243220567703247	0.15200216017281382	9.320000000000002e-05
2330	3.6180875301361084	0.15234081740923514	9.324000000000001e-05
2331	3.643538475036621	0.14902190418531716	9.328e-05
2332	3.650984823703766	0.14604142991008234	9.332000000000001e-05
2333	3.651228189468384	0.14681776281511763	9.336e-05
2334	3.6326584815979004	0.14930123288221356	9.340000000000001e-05
2335	3.626447319984436	0.15188527359821907	9.344e-05
2336	3.651408553123474	0.1457260246517687	9.348e-05
2337	3.623988687992096	0.15245050893644305	9.352000000000001e-05
2338	3.642925202846527	0.1493373343335834	9.356e-05
2339	3.6586198806762695	0.14615461847389558	9.360000000000001e-05
2340	3.639599025249481	0.1500994431185362	9.364e-05
2341	3.6491758227348328	0.1451703954600826	9.368e-05
2342	3.6417078971862793	0.1478015081584851	9.372e-05
2343	3.619233787059784	0.1542352589045196	9.376e-05
2344	3.628405749797821	0.15130480010402392	9.38e-05
2345	3.6367026567459106	0.15007902054534178	9.384000000000001e-05
2346	3.6375171542167664	0.14929622171743723	9.388e-05
2347	3.6320436596870422	0.15075768163395692	9.392000000000001e-05
2348	3.639539897441864	0.14849823760115177	9.396e-05
2349	3.6391428112983704	0.15088975047221395	9.4e-05
2350	3.6358590722084045	0.1504302686821967	9.404e-05
2351	3.635697841644287	0.14966188453579668	9.408000000000001e-05
2352	3.628901422023773	0.14877095751679592	9.412000000000001e-05
2353	3.6471662521362305	0.14617449259627854	9.416e-05
2354	3.648865044116974	0.1458992114637954	9.42e-05
2355	3.6522696018218994	0.14557638341006462	9.424e-05
2356	3.6312373876571655	0.1493439157659634	9.428e-05
2357	3.6440643668174744	0.1482588254044147	9.432e-05
2358	3.6355886459350586	0.14920704494740197	9.436e-05
2359	3.640028953552246	0.14839024681885668	9.44e-05
2360	3.62274169921875	0.15215030732907622	9.444000000000001e-05
2361	3.6452723145484924	0.14913085080934535	9.448e-05
2362	3.649779438972473	0.14708331243416764	9.452000000000001e-05
2363	3.6462180614471436	0.14759864487843763	9.456e-05
2364	3.6392040848731995	0.1486148364626286	9.46e-05
2365	3.6249959468841553	0.1507549153820209	9.464e-05
2366	3.625376343727112	0.15081155543133223	9.468000000000001e-05
2367	3.6251514554023743	0.15268133773000328	9.472000000000001e-05
2368	3.6376123428344727	0.14983817477124706	9.476000000000001e-05
2369	3.6245495080947876	0.15009816525647543	9.48e-05
2370	3.6486136317253113	0.1454712441724651	9.484e-05
2371	3.648729622364044	0.14772318034492418	9.488e-05
2372	3.648586094379425	0.14715452023075234	9.492e-05
2373	3.656012177467346	0.1465360253365004	9.496e-05
2374	3.622485876083374	0.15333533353335332	9.5e-05
2375	3.6440133452415466	0.1475367423903201	9.504000000000001e-05
2376	3.6420315504074097	0.15070275897969806	9.508e-05
2377	3.6454612016677856	0.148213128644769	9.512000000000001e-05
2378	3.6546757221221924	0.14601023757970047	9.516e-05
2379	3.630556106567383	0.15122984818046437	9.52e-05
2380	3.640192449092865	0.14940209341855448	9.524e-05
2381	3.6245322227478027	0.1535199068128192	9.528000000000001e-05
2382	3.631977677345276	0.1512650331852887	9.532000000000002e-05
2383	3.64367538690567	0.14679882132333244	9.536000000000001e-05
2384	3.629757881164551	0.1520959996805335	9.54e-05
2385	3.652808129787445	0.1465499166308895	9.544000000000001e-05
2386	3.6331891417503357	0.14996602582037652	9.548e-05
2387	3.6209532022476196	0.15336591203749875	9.552000000000001e-05
2388	3.6239672899246216	0.15272785526197222	9.556e-05
2389	3.618818938732147	0.15277209849701298	9.56e-05
2390	3.633179187774658	0.1478912014095364	9.564000000000001e-05
2391	3.639074146747589	0.14821817747569338	9.568e-05
2392	3.6457654237747192	0.14772987789683528	9.572000000000001e-05
2393	3.6421802639961243	0.14782677917529055	9.576e-05
2394	3.64237642288208	0.14779438861388605	9.58e-05
2395	3.637875974178314	0.14879023439829817	9.584e-05
2396	3.642015039920807	0.15004076113972123	9.588e-05
2397	3.638989210128784	0.14859184531315678	9.592e-05
2398	3.62425833940506	0.1520875549224565	9.596000000000001e-05
2399	3.6513850688934326	0.14538677529067467	9.6e-05
2400	3.6592369079589844	0.14471207752683005	9.604000000000001e-05
2401	3.637694299221039	0.14769548521641485	9.608e-05
2402	3.624755620956421	0.151331731200702	9.612000000000001e-05
2403	3.6510170698165894	0.14787536549340352	9.616e-05
2404	3.6316357851028442	0.1517595674292625	9.620000000000001e-05
2405	3.6431336402893066	0.14887472017908537	9.624000000000001e-05
2406	3.629177689552307	0.15166533705624252	9.628e-05
2407	3.6332101225852966	0.14866751775313172	9.632e-05
2408	3.6463720202445984	0.14826672991027312	9.636e-05
2409	3.620817542076111	0.15313063309796734	9.64e-05
2410	3.6439273357391357	0.14716913198715834	9.644e-05
2411	3.645135462284088	0.14803724885468755	9.648e-05
2412	3.64472234249115	0.14875975473801561	9.652e-05
2413	3.646569848060608	0.1478201296702642	9.656000000000001e-05
2414	3.651138484477997	0.1455295653647209	9.66e-05
2415	3.6457868218421936	0.14823875728464309	9.664000000000001e-05
2416	3.6277281641960144	0.15113282454900948	9.668e-05
2417	3.640641927719116	0.1473231653183573	9.672e-05
2418	3.6469403505325317	0.14536258342561278	9.676e-05
2419	3.635986030101776	0.14823578330429274	9.680000000000001e-05
2420	3.649617314338684	0.1477383631764495	9.684000000000001e-05
2421	3.625373959541321	0.15194610778443113	9.688000000000001e-05
2422	3.6394338607788086	0.1492384372792662	9.692e-05
2423	3.6406610012054443	0.1487726085309191	9.696000000000001e-05
2424	3.6600152254104614	0.14425510376244305	9.7e-05
2425	3.642624020576477	0.14712743067425446	9.704e-05
2426	3.644184648990631	0.147344749699002	9.708e-05
2427	3.6424898505210876	0.14834759368954306	9.712e-05
2428	3.645868420600891	0.14656128674431504	9.716000000000001e-05
2429	3.629844844341278	0.1495313138155339	9.72e-05
2430	3.6444501280784607	0.14886451689813435	9.724000000000001e-05
2431	3.6386462450027466	0.1499348239250923	9.728e-05
2432	3.6322730779647827	0.14982686806844983	9.732e-05
2433	3.627939224243164	0.15061388548118448	9.736e-05
2434	3.6391351222991943	0.1491176733159414	9.74e-05
2435	3.640463173389435	0.14796959391878375	9.744000000000002e-05
2436	3.648339629173279	0.14603101596792417	9.748000000000001e-05
2437	3.623690366744995	0.1519942364265845	9.752e-05
2438	3.6525113582611084	0.14553384752358373	9.756000000000001e-05
2439	3.6342235803604126	0.15077651855849372	9.76e-05
2440	3.6486231088638306	0.14577134298552172	9.764000000000001e-05
2441	3.6463584303855896	0.14911008173841706	9.768e-05
2442	3.646921753883362	0.1459870688370892	9.772e-05
2443	3.6543754935264587	0.14556063868848554	9.776000000000001e-05
2444	3.6598654985427856	0.14473239324568907	9.78e-05
2445	3.644772946834564	0.14797221067632563	9.784000000000001e-05
2446	3.6489449739456177	0.14483176058504252	9.788e-05
2447	3.6293625235557556	0.15055649106724725	9.792e-05
2448	3.6303829550743103	0.15014289295562797	9.796e-05
2449	3.64206862449646	0.14871383442812014	9.8e-05
2450	3.625186026096344	0.15197148983481576	9.804e-05
2451	3.6320743560791016	0.14988856421177751	9.808000000000001e-05
2452	3.639788866043091	0.15049274431487467	9.812e-05
2453	3.648577332496643	0.14720908419645173	9.816000000000001e-05
2454	3.653878390789032	0.14667812771741848	9.82e-05
2455	3.6354178190231323	0.15071739239114132	9.824000000000001e-05
2456	3.6155753135681152	0.15556286178278586	9.828e-05
2457	3.6387261748313904	0.14746151457788728	9.832000000000001e-05
2458	3.638518750667572	0.15022798176145907	9.836000000000001e-05
2459	3.6427927017211914	0.14674022066198597	9.84e-05
2460	3.6288055181503296	0.15157643074164467	9.844000000000001e-05
2461	3.644170045852661	0.14861890503856756	9.848e-05
2462	3.6430195569992065	0.1469488669783764	9.852e-05
2463	3.6348738074302673	0.14934143266930688	9.856e-05
2464	3.646447539329529	0.14703584236571635	9.86e-05
2465	3.6300313472747803	0.15139723035687697	9.864e-05
2466	3.622153341770172	0.1528701810383522	9.868000000000001e-05
2467	3.6534096002578735	0.14688533737196605	9.872e-05
2468	3.6387226581573486	0.14865239519179357	9.876000000000001e-05
2469	3.6500813364982605	0.14663346613545816	9.88e-05
2470	3.6492637395858765	0.1450383204932202	9.884e-05
2471	3.6435091495513916	0.14774170959835942	9.888e-05
2472	3.6438536047935486	0.14716208017981283	9.892e-05
2473	3.641719341278076	0.14817664102307923	9.896000000000001e-05
2474	3.635798931121826	0.14973977695167287	9.900000000000001e-05
2475	3.6453429460525513	0.14830576360796252	9.904e-05
2476	3.6276116371154785	0.15003180535125035	9.908000000000001e-05
2477	3.644226849079132	0.14588991851733504	9.912e-05
2478	3.627315402030945	0.14913709212956527	9.916e-05
2479	3.655176818370819	0.14515840521524825	9.92e-05
2480	3.6505245566368103	0.14621313101955322	9.924e-05
2481	3.626554787158966	0.14907375746726473	9.928000000000001e-05
2482	3.6266506910324097	0.15232933923333167	9.932e-05
2483	3.652476727962494	0.14522941734484995	9.936000000000001e-05
2484	3.647413671016693	0.14796278792099896	9.94e-05
2485	3.63512647151947	0.14994041708043696	9.944e-05
2486	3.6619154810905457	0.14448827895976388	9.948e-05
2487	3.63823401927948	0.149116056884163	9.952e-05
2488	3.6273443698883057	0.15023928215353938	9.956e-05
2489	3.6513853669166565	0.14761422529338178	9.960000000000001e-05
2490	3.6318020820617676	0.15055360114806215	9.964e-05
2491	3.645897686481476	0.14750817933504756	9.968000000000001e-05
2492	3.6469977498054504	0.1479727262859793	9.972e-05
2493	3.6374102234840393	0.1487467018469657	9.976000000000001e-05
2494	3.636732518672943	0.14675559733208005	9.98e-05
2495	3.649539351463318	0.14646051265671164	9.984e-05
2496	3.634596526622772	0.15043087298613714	9.988000000000001e-05
2497	3.6424397230148315	0.14792590135592878	9.992e-05
2498	3.6069449186325073	0.15609819353422907	9.996000000000001e-05
2499	3.639491319656372	0.14895167731629394	0.0001
2500	3.637944281101227	0.14876074008740722	0.00010004
2501	3.6247429251670837	0.15234654172953227	0.00010007999999999999
2502	3.6480619311332703	0.14522592926560465	0.00010012000000000001
2503	3.641740143299103	0.14870257499652564	0.00010016
2504	3.6444332003593445	0.14796131990828432	0.00010020000000000001
2505	3.636957824230194	0.1499494117880453	0.00010024
2506	3.6298598051071167	0.15218481662787897	0.00010028
2507	3.641847312450409	0.14806253300519115	0.00010032000000000002
2508	3.6244550347328186	0.15250204106015652	0.00010036000000000001
2509	3.640613377094269	0.14758394430719066	0.0001004
2510	3.6414385437965393	0.1476525356576862	0.00010044000000000001
2511	3.6322917342185974	0.14904951326283808	0.00010048
2512	3.6386136412620544	0.14807682663858382	0.00010052000000000002
2513	3.6425564289093018	0.1464112180977922	0.00010056000000000001
2514	3.6337843537330627	0.15159243283091423	0.0001006
2515	3.631116032600403	0.15061398127382258	0.00010064
2516	3.6199029088020325	0.15211205514588008	0.00010067999999999999
2517	3.6451911330223083	0.14515154815775663	0.00010072000000000001
2518	3.6284175515174866	0.150364571417203	0.00010076
2519	3.651818573474884	0.146955380314432	0.00010080000000000001
2520	3.6314370036125183	0.15054517055978853	0.00010084
2521	3.6294864416122437	0.15126427162412576	0.00010088
2522	3.6270394921302795	0.15062097860242407	0.00010092000000000002
2523	3.625005006790161	0.15209230647646896	0.00010096000000000001
2524	3.6303167939186096	0.15125873494881847	0.000101
2525	3.65193909406662	0.1471612171801792	0.00010104
2526	3.648004710674286	0.14787805626193562	0.00010108
2527	3.64363032579422	0.14682841040808986	0.00010112000000000002
2528	3.6440168023109436	0.14641725930795435	0.00010116000000000001
2529	3.6386793851852417	0.15044431895859958	0.00010120000000000001
2530	3.6563588976860046	0.1446025456292027	0.00010124
2531	3.642649829387665	0.1478786063691724	0.00010127999999999999
2532	3.6393948793411255	0.14733899151273092	0.00010132000000000001
2533	3.6258373260498047	0.15167675315077797	0.00010136
2534	3.615138590335846	0.1522616118653691	0.00010140000000000001
2535	3.624150335788727	0.15013564347448996	0.00010144
2536	3.6385281085968018	0.14938708907108175	0.00010148
2537	3.6368120908737183	0.1486466188001322	0.00010152000000000002
2538	3.636109232902527	0.1485514154682937	0.00010156000000000001
2539	3.644702672958374	0.1480343857829547	0.0001016
2540	3.6557716727256775	0.1451577737255213	0.00010164
2541	3.6475263833999634	0.14680507680965948	0.00010168
2542	3.6406134366989136	0.1478007150041327	0.00010172000000000001
2543	3.6219743490219116	0.15223152022315203	0.00010176000000000002
2544	3.6275962591171265	0.1523499200301998	0.00010180000000000001
2545	3.6449204087257385	0.14732031740026483	0.00010184
2546	3.6399322152137756	0.14858172886459076	0.00010188
2547	3.639479637145996	0.14874330449114131	0.00010192000000000001
2548	3.6587635278701782	0.14376441122684264	0.00010196
2549	3.6583950519561768	0.14519720739878827	0.00010200000000000001
2550	3.614357650279999	0.15382986660751555	0.00010204
2551	3.6357898712158203	0.1493861117754923	0.00010208
2552	3.6272153854370117	0.15125201332546345	0.00010212000000000002
2553	3.617807686328888	0.15366993037640567	0.00010216000000000001
2554	3.624503791332245	0.15283485616247058	0.0001022
2555	3.644480586051941	0.14657008519530623	0.00010224
2556	3.6413920521736145	0.14933360056117848	0.00010228
2557	3.633616089820862	0.15074193451816667	0.00010232000000000001
2558	3.640556573867798	0.14903596143845754	0.00010236000000000002
2559	3.64744371175766	0.14674383492702567	0.00010240000000000001
2560	3.636467754840851	0.14938914840100612	0.00010244
2561	3.6395974159240723	0.14842185990458454	0.00010248
2562	3.635987341403961	0.15132963077444636	0.00010251999999999999
2563	3.648115634918213	0.14853405369034545	0.00010256000000000001
2564	3.6566691398620605	0.14526284229462322	0.00010260000000000001
2565	3.6488077640533447	0.14768604814302608	0.00010264
2566	3.6332225799560547	0.15035366182148308	0.00010268
2567	3.6329591870307922	0.15147178044899062	0.00010271999999999999
2568	3.635994613170624	0.14854785908076126	0.00010276000000000001
2569	3.6420265436172485	0.14707834338751696	0.0001028
2570	3.613018035888672	0.1540550989858535	0.00010284
2571	3.6492379307746887	0.1445052639990411	0.00010288
2572	3.6277334094047546	0.15206382999890566	0.00010292
2573	3.634840726852417	0.1488911088911089	0.00010296000000000002
2574	3.6468623876571655	0.1455839179977111	0.00010300000000000001
2575	3.6527333855628967	0.14535296292964728	0.00010304
2576	3.6255316138267517	0.15162963629276482	0.00010308
2577	3.655427932739258	0.14411368053627385	0.00010311999999999999
2578	3.649311363697052	0.14540499139586008	0.00010316000000000001
2579	3.647395610809326	0.14752208219287954	0.0001032
2580	3.6410239934921265	0.149275781866097	0.00010324000000000001
2581	3.65386563539505	0.14753393280454505	0.00010328
2582	3.633557617664337	0.14983901675621256	0.00010332
2583	3.6337064504623413	0.14858146824525326	0.00010336000000000001
2584	3.6494245529174805	0.14718610421836228	0.0001034
2585	3.6441609859466553	0.14841088253219697	0.00010344
2586	3.639589548110962	0.14987287032773428	0.00010348
2587	3.6387041807174683	0.14863782447466006	0.00010352
2588	3.6290199160575867	0.15038482546303192	0.00010356000000000002
2589	3.6384308338165283	0.1477424632389617	0.00010360000000000001
2590	3.62784606218338	0.15127797115862754	0.00010364
2591	3.6508978605270386	0.14788963460104398	0.00010368
2592	3.637984871864319	0.14902696319231495	0.00010371999999999999
2593	3.6337462067604065	0.14988290398126464	0.00010376000000000001
2594	3.6428054571151733	0.14731432888040713	0.0001038
2595	3.633062243461609	0.14969886437410734	0.00010384000000000001
2596	3.6377492547035217	0.1477205948266417	0.00010388
2597	3.6372669339179993	0.1473881340399251	0.00010392
2598	3.6452539563179016	0.14708842845895495	0.00010396000000000001
2599	3.631620407104492	0.14942848623397276	0.00010400000000000001
2600	3.6223748922348022	0.15029076505981598	0.00010404
2601	3.635068356990814	0.14986882378662003	0.00010408
2602	3.6283313632011414	0.15121252491661075	0.00010412
2603	3.6165537238121033	0.15393905518569903	0.00010416000000000002
2604	3.639752149581909	0.1490073145245559	0.00010420000000000001
2605	3.6435467004776	0.14699931224894594	0.00010424
2606	3.616375684738159	0.1542974832973326	0.00010428
2607	3.6214780807495117	0.15294885964030946	0.00010431999999999999
2608	3.6445427536964417	0.14711767223787292	0.00010436000000000001
2609	3.6403307914733887	0.14691654781021535	0.0001044
2610	3.63899028301239	0.1496798478405911	0.00010444000000000001
2611	3.640785336494446	0.14839879513297136	0.00010448
2612	3.6408756971359253	0.14804004172684962	0.00010452
2613	3.6383089423179626	0.1478020349698706	0.00010456000000000002
2614	3.632645547389984	0.1483075816745403	0.00010460000000000001
2615	3.638760209083557	0.15004459945678864	0.00010464
2616	3.6318930983543396	0.14940002376143519	0.00010468
2617	3.6318159699440002	0.15096002455761634	0.00010472
2618	3.6353110671043396	0.1499635695820982	0.00010476000000000002
2619	3.6297749876976013	0.1495560847773449	0.00010480000000000001
2620	3.629161238670349	0.15025285334505986	0.00010484
2621	3.6260147094726562	0.15018100669476817	0.00010488
2622	3.6175268292427063	0.15318220149809017	0.00010491999999999999
2623	3.631726622581482	0.14992253605053033	0.00010496000000000001
2624	3.6173805594444275	0.15292926686449845	0.000105
2625	3.625255286693573	0.1498620717227042	0.00010504000000000001
2626	3.6351929903030396	0.1495622835125126	0.00010508
2627	3.6274160742759705	0.15164971446288017	0.00010512
2628	3.6265702843666077	0.14912087251147776	0.00010516000000000002
2629	3.615294396877289	0.1527872400112211	0.00010520000000000001
2630	3.622236669063568	0.15071260689103366	0.00010524
2631	3.64548522233963	0.14567321094341126	0.00010528
2632	3.6432144045829773	0.14664839397001012	0.00010532
2633	3.625929355621338	0.14930951413191104	0.00010536000000000001
2634	3.624792695045471	0.15022600904036162	0.00010540000000000001
2635	3.613704562187195	0.15207671549346266	0.00010544000000000001
2636	3.625503420829773	0.15127852241902026	0.00010548
2637	3.6322036385536194	0.14987269927846153	0.00010551999999999999
2638	3.6168235540390015	0.15157488153545973	0.00010556000000000001
2639	3.6225339770317078	0.15063074194384105	0.0001056
2640	3.6259921193122864	0.1496681889184053	0.00010564000000000001
2641	3.6209869384765625	0.15098520454297043	0.00010568
2642	3.6273794770240784	0.1498996875842175	0.00010572
2643	3.6321664452552795	0.14902101886000418	0.00010576000000000002
2644	3.622550845146179	0.1485567492756365	0.00010580000000000001
2645	3.6258575320243835	0.1473673663644106	0.00010584
2646	3.6061325073242188	0.15404619094115538	0.00010588
2647	3.6079474687576294	0.1518140260675596	0.00010592
2648	3.596468985080719	0.15537995864259813	0.00010596000000000001
2649	3.62599778175354	0.15017455158300227	0.00010600000000000002
2650	3.623491048812866	0.15169341709697073	0.00010604000000000001
2651	3.613484263420105	0.15150795770398726	0.00010608
2652	3.6156815886497498	0.15167087360090106	0.00010612
2653	3.613585352897644	0.15343044878505976	0.00010616000000000001
2654	3.621302306652069	0.15047582679301785	0.0001062
2655	3.628114879131317	0.14815183225241715	0.00010624000000000001
2656	3.613166570663452	0.15301531956676384	0.00010628
2657	3.6160947680473328	0.1511163640697628	0.00010632
2658	3.6245285272598267	0.15009922424679775	0.00010636000000000002
2659	3.6075676679611206	0.15246448622405145	0.00010640000000000001
2660	3.600302577018738	0.15407728738010903	0.00010644
2661	3.6215537190437317	0.15046497892829613	0.00010648
2662	3.6139740347862244	0.15145954463404174	0.00010652
2663	3.6015570163726807	0.15395616751819777	0.00010656000000000001
2664	3.60550993680954	0.15303493318952605	0.00010660000000000002
2665	3.5909156799316406	0.15884210421460518	0.00010664000000000001
2666	3.603653132915497	0.1540783384806053	0.00010668
2667	3.6158470511436462	0.15207835738514341	0.00010672
2668	3.6178970336914062	0.14829711449953975	0.00010676000000000001
2669	3.6125701665878296	0.1525406848196323	0.00010680000000000001
2670	3.6188029646873474	0.15148305084745764	0.00010684
2671	3.6173778772354126	0.14911738306572256	0.00010688
2672	3.623551368713379	0.14979192800111502	0.00010692
2673	3.616272211074829	0.1503033920222819	0.00010696000000000002
2674	3.6279624104499817	0.15130883789549232	0.00010700000000000001
2675	3.6145099401474	0.15247059767992616	0.00010704
2676	3.6055490970611572	0.15438306515851521	0.00010708
2677	3.6112109422683716	0.15018532833838774	0.00010712
2678	3.593474268913269	0.15433854907539118	0.00010716000000000001
2679	3.588937997817993	0.15657302809157253	0.00010720000000000002
2680	3.618035078048706	0.15129165962606975	0.00010724000000000001
2681	3.5920997858047485	0.15567950810643005	0.00010728
2682	3.6017525792121887	0.1541232548188395	0.00010732
2683	3.6166202425956726	0.14957150108991013	0.00010736000000000002
2684	3.6215343475341797	0.14972341979173961	0.00010740000000000001
2685	3.590689480304718	0.15660409100355266	0.00010744
2686	3.6000567078590393	0.15245382533038987	0.00010748000000000001
2687	3.5874757170677185	0.15550311307491463	0.00010752
2688	3.6030995845794678	0.15280159521435693	0.00010756
2689	3.6114410758018494	0.15125829155906628	0.00010760000000000001
2690	3.5995787978172302	0.15354259549343294	0.00010764
2691	3.602597713470459	0.15373137317737542	0.00010768
2692	3.592816472053528	0.1550296447610981	0.00010772
2693	3.587871789932251	0.15808750149694623	0.00010776
2694	3.593521237373352	0.15437172196210036	0.00010780000000000002
2695	3.607994318008423	0.1529557873820169	0.00010784000000000001
2696	3.5991310477256775	0.15451813822060376	0.00010788
2697	3.604168176651001	0.1530507657060171	0.00010792
2698	3.5947378277778625	0.15514918571938027	0.00010795999999999999
2699	3.609566390514374	0.15178758728160868	0.00010800000000000001
2700	3.613192856311798	0.15369897959183673	0.00010804
2701	3.61564964056015	0.15128906407110967	0.00010808000000000001
2702	3.593388617038727	0.15481612262504263	0.00010812
2703	3.611084759235382	0.15212572439637778	0.00010816
2704	3.6099634170532227	0.15166966606678664	0.00010820000000000001
2705	3.6009777784347534	0.1531105244807491	0.00010824000000000001
2706	3.6084535121917725	0.1523949479704504	0.00010828
2707	3.603779673576355	0.15272506300867678	0.00010831999999999999
2708	3.5897647738456726	0.15727840499639684	0.00010836
2709	3.597244143486023	0.1536204203845733	0.00010840000000000002
2710	3.6053144335746765	0.1508526497500424	0.00010844000000000001
2711	3.598133683204651	0.15375853085967292	0.00010848
2712	3.6078800559043884	0.15045507956423892	0.00010852
2713	3.614822030067444	0.1490867648381969	0.00010855999999999999
2714	3.598825216293335	0.15286788998129205	0.00010860000000000001
2715	3.6054357290267944	0.15301279612311514	0.00010864
2716	3.5919284224510193	0.1544676616915423	0.00010868000000000001
2717	3.588570237159729	0.1552852026167007	0.00010872
2718	3.60045325756073	0.15166217430368373	0.00010876
2719	3.59529310464859	0.15418299147268957	0.00010880000000000002
2720	3.580871284008026	0.15729767349373633	0.00010884000000000001
2721	3.591009020805359	0.15398668928618034	0.00010888
2722	3.591631293296814	0.15616964651972506	0.00010892
2723	3.5895342230796814	0.1549096277381	0.00010896
2724	3.5835184454917908	0.15543048736678242	0.000109
2725	3.5877195596694946	0.15634236021359943	0.00010904000000000001
2726	3.5919973254203796	0.1526006901094148	0.00010908
2727	3.60002464056015	0.15330867652938823	0.00010912
2728	3.6066774725914	0.15183433363806192	0.00010915999999999999
2729	3.5844688415527344	0.15486681553552914	0.00010920000000000001
2730	3.5819658637046814	0.15782829557963624	0.00010924
2731	3.6088632345199585	0.15251923306892015	0.00010928000000000001
2732	3.5978368520736694	0.1518381032211711	0.00010932
2733	3.601089060306549	0.1510430736905298	0.00010936
2734	3.586020827293396	0.15523203093081422	0.00010940000000000002
2735	3.586991548538208	0.15367496572416398	0.00010944000000000001
2736	3.586465835571289	0.15537049965094246	0.00010948
2737	3.5940722227096558	0.15360238326118902	0.00010952
2738	3.585957884788513	0.1554398459865737	0.00010956
2739	3.5863893032073975	0.15425579477600818	0.00010960000000000001
2740	3.5835204124450684	0.15594939250928808	0.00010964000000000001
2741	3.5840023159980774	0.15322860743666333	0.00010968000000000001
2742	3.6056100726127625	0.15052788844621515	0.00010972
2743	3.593277931213379	0.15346062999940455	0.00010975999999999999
2744	3.5909880995750427	0.15440838282640432	0.00010980000000000001
2745	3.578432559967041	0.15707367418228008	0.00010984
2746	3.5931719541549683	0.15281836742864005	0.00010988000000000001
2747	3.5722697973251343	0.15842016473156695	0.00010992
2748	3.572838544845581	0.15547424879867605	0.00010996
2749	3.5684555172920227	0.1572830038344704	0.00011000000000000002
2750	3.5743919014930725	0.1565873650539784	0.00011004000000000001
2751	3.5927655696868896	0.15308319543850554	0.00011008
2752	3.5698615312576294	0.15579315513364977	0.00011012
2753	3.589408576488495	0.15311988502535032	0.00011016
2754	3.5789831280708313	0.1546839231386695	0.00011020000000000001
2755	3.586882770061493	0.15538884721180296	0.00011024000000000002
2756	3.5774031281471252	0.155731658692185	0.00011028000000000001
2757	3.5701515674591064	0.15896106485866693	0.00011032
2758	3.5789249539375305	0.15577764765430382	0.00011036
2759	3.563414454460144	0.15982794838451536	0.00011040000000000001
2760	3.5683999061584473	0.15782037536198482	0.00011044
2761	3.5738220810890198	0.15481393856764777	0.00011048
2762	3.561551034450531	0.15755434457153122	0.00011052
2763	3.578222870826721	0.15513038998097653	0.00011056
2764	3.596753478050232	0.1501172868956743	0.00011060000000000002
2765	3.576762616634369	0.15454654847378765	0.00011064000000000001
2766	3.5754003524780273	0.15447350206145236	0.00011068
2767	3.5795243978500366	0.15446250384741403	0.00011072
2768	3.5841517448425293	0.1540784896181182	0.00011076
2769	3.5763609409332275	0.15600376927241014	0.00011080000000000001
2770	3.5711119174957275	0.15604773061192073	0.00011084000000000002
2771	3.551517903804779	0.15915880269847865	0.00011088000000000001
2772	3.5719433426856995	0.15621572029757275	0.00011092
2773	3.561247229576111	0.1580374679707674	0.00011096
2774	3.571286618709564	0.1572667679270925	0.00011100000000000001
2775	3.5648107528686523	0.15746883646208312	0.00011104000000000001
2776	3.5713385939598083	0.157309438566314	0.00011108
2777	3.5806207060813904	0.15375565791310242	0.00011112
2778	3.5662301778793335	0.15691200031647448	0.00011116
2779	3.572106957435608	0.1550278079016227	0.00011120000000000002
2780	3.5522631406784058	0.1604819133272315	0.00011124000000000001
2781	3.5522854924201965	0.1620242567991788	0.00011128
2782	3.5617406964302063	0.15987261146496815	0.00011132
2783	3.5483031272888184	0.16053959530352235	0.00011135999999999999
2784	3.572826564311981	0.1563152610441767	0.00011140000000000001
2785	3.5797009468078613	0.15281876993709567	0.00011144000000000002
2786	3.5598179697990417	0.15793730031948883	0.00011148000000000001
2787	3.5809510350227356	0.1536209291403104	0.00011152
2788	3.5801539421081543	0.15442214753087646	0.00011156
2789	3.5718361735343933	0.15553820122348042	0.00011160000000000002
2790	3.5707807540893555	0.1549781306977254	0.00011164000000000001
2791	3.5524731874465942	0.15896572675026643	0.00011168
2792	3.581255257129669	0.15421677191660635	0.00011172000000000001
2793	3.5609350204467773	0.1585570887095972	0.00011176
2794	3.5796711444854736	0.15311028698807466	0.00011180000000000002
2795	3.555684447288513	0.15895994237464484	0.00011184000000000001
2796	3.5691996216773987	0.1568473161548652	0.00011188
2797	3.572262763977051	0.15596284657305381	0.00011192
2798	3.550925612449646	0.15955056179775282	0.00011195999999999999
2799	3.5518532395362854	0.16066733973750238	0.00011200000000000001
2800	3.557150900363922	0.15917467948717948	0.00011204000000000002
2801	3.5706770420074463	0.15494520876659734	0.00011208000000000001
2802	3.5548343658447266	0.15742565433101277	0.00011212
2803	3.5439957976341248	0.15988185822987586	0.00011216
2804	3.564066529273987	0.1569363469371456	0.00011220000000000002
2805	3.5646538734436035	0.15431956227097032	0.00011224000000000001
2806	3.5570125579833984	0.15799582047964972	0.00011228
2807	3.556028664112091	0.15754238630961812	0.00011232000000000001
2808	3.5325183272361755	0.16347312605447095	0.00011236
2809	3.547153115272522	0.1581685223532707	0.00011240000000000002
2810	3.5464137196540833	0.15963861435559548	0.00011244000000000001
2811	3.5498633980751038	0.15917937399678972	0.00011248000000000001
2812	3.5513907074928284	0.1593322150010547	0.00011252
2813	3.530554234981537	0.16493003870199463	0.00011255999999999999
2814	3.544902265071869	0.1602250659761988	0.0001126
2815	3.5520942211151123	0.15680851696553366	0.00011264
2816	3.558494806289673	0.15897640544719907	0.00011268000000000001
2817	3.5547470450401306	0.15832810617601084	0.00011272
2818	3.5298426747322083	0.16356296392759473	0.00011276
2819	3.5406516194343567	0.16225728517314403	0.00011279999999999999
2820	3.539330005645752	0.16106713456822125	0.00011284000000000001
2821	3.5459993481636047	0.1572441173816709	0.00011288
2822	3.5637674927711487	0.15544714479777097	0.00011292000000000001
2823	3.5467154383659363	0.15916286664409884	0.00011296
2824	3.5239269137382507	0.16523516972509245	0.000113
2825	3.549642562866211	0.15902067508024803	0.00011304000000000002
2826	3.5353015661239624	0.16093433511938615	0.00011308000000000001
2827	3.540688157081604	0.16030265527684706	0.00011312
2828	3.5414403080940247	0.1595741514282596	0.00011316
2829	3.5408748388290405	0.15998966397996403	0.0001132
2830	3.5073617696762085	0.16607204047489468	0.00011324000000000001
2831	3.531597673892975	0.16376206107629562	0.00011328000000000001
2832	3.5360662937164307	0.1598709767618363	0.00011332
2833	3.527080237865448	0.16289220457350417	0.00011336
2834	3.525934636592865	0.16208752726472295	0.00011339999999999999
2835	3.5264188647270203	0.164299185425946	0.00011344000000000001
2836	3.5411176681518555	0.1582975415798862	0.00011348
2837	3.529525578022003	0.16383057384666114	0.00011352000000000001
2838	3.538205087184906	0.1602442998370668	0.00011356
2839	3.5238672494888306	0.16349998511742353	0.0001136
2840	3.5285072922706604	0.16040062710324238	0.00011364000000000002
2841	3.5360503792762756	0.16009866915991963	0.00011368000000000001
2842	3.5398160815238953	0.16005733397037744	0.00011372
2843	3.5187346935272217	0.1613750298400573	0.00011376
2844	3.537733018398285	0.15890498106380652	0.0001138
2845	3.5350435972213745	0.1606704334458043	0.00011384000000000001
2846	3.5367177724838257	0.16249127356138426	0.00011388000000000001
2847	3.5360805988311768	0.15865451578884535	0.00011392000000000001
2848	3.5288151502609253	0.1613690213244448	0.00011396
2849	3.5522520542144775	0.1570901528709545	0.00011399999999999999
2850	3.543230652809143	0.16169285422865273	0.00011404000000000001
2851	3.5356560349464417	0.1592915105808862	0.00011408
2852	3.5349878668785095	0.1594647753009894	0.00011412
2853	3.5135390162467957	0.16509146797872234	0.00011416
2854	3.5206809639930725	0.16185253502168603	0.0001142
2855	3.525182604789734	0.16137389519415685	0.00011424000000000002
2856	3.505086660385132	0.1656409950010954	0.00011428000000000001
2857	3.5046793818473816	0.1668345718418034	0.00011432
2858	3.5160099267959595	0.162737193786198	0.00011436
2859	3.533555269241333	0.15868443164085944	0.0001144
2860	3.5171420574188232	0.16234188290585472	0.00011444000000000001
2861	3.5132359862327576	0.16779686333084393	0.00011448000000000002
2862	3.5424503087997437	0.1588256312529776	0.00011452000000000001
2863	3.5104986429214478	0.16630740674211125	0.00011456
2864	3.5102277994155884	0.16818014174499857	0.0001146
2865	3.5226811170578003	0.161948142957253	0.00011464000000000001
2866	3.515811324119568	0.16468000356707588	0.00011468
2867	3.5214213132858276	0.16322912828275787	0.00011472
2868	3.504570245742798	0.16668325008457544	0.00011476
2869	3.5142346620559692	0.16376531911507242	0.0001148
2870	3.506113648414612	0.16609329301541664	0.00011484000000000002
2871	3.51514208316803	0.16380154983521866	0.00011488000000000001
2872	3.5183281898498535	0.1613170201521633	0.00011492
2873	3.519838809967041	0.161403823535275	0.00011496
2874	3.5056121945381165	0.16430563747788096	0.00011499999999999999
2875	3.5030360221862793	0.1632965960793684	0.00011504000000000001
2876	3.508899509906769	0.16311908943863931	0.00011508000000000002
2877	3.5182189345359802	0.16156282998944033	0.00011512000000000001
2878	3.4833422899246216	0.16675227879337262	0.00011516
2879	3.49154394865036	0.16612533150570638	0.0001152
2880	3.503849685192108	0.16517964071856286	0.00011524000000000001
2881	3.508196473121643	0.16167843293228598	0.00011528000000000001
2882	3.4998523592948914	0.1633608402100525	0.00011532
2883	3.501426935195923	0.16519456670359392	0.00011536000000000001
2884	3.489784836769104	0.16675832141821564	0.0001154
2885	3.481180727481842	0.16908874508666474	0.00011544000000000002
2886	3.513443112373352	0.16251721261219607	0.00011548000000000001
2887	3.5007609128952026	0.16529893316787095	0.00011552
2888	3.5116922855377197	0.1611744153730099	0.00011556
2889	3.505228281021118	0.16388512706126027	0.00011559999999999999
2890	3.488681375980377	0.16719935075995151	0.00011564000000000001
2891	3.5035709738731384	0.1630398026773815	0.00011568000000000002
2892	3.4773162603378296	0.16731794316861048	0.00011572000000000001
2893	3.474435806274414	0.1694658175462563	0.00011576
2894	3.489526867866516	0.1641986237978351	0.0001158
2895	3.488472580909729	0.16654666906661866	0.00011584000000000002
2896	3.507281720638275	0.16306563391765186	0.00011588000000000001
2897	3.485864579677582	0.16626551372339265	0.00011592
2898	3.4891873598098755	0.1663138766299898	0.00011596000000000001
2899	3.4735201001167297	0.16849102416112727	0.000116
2900	3.4811700582504272	0.16712143241251567	0.00011604000000000002
2901	3.492235243320465	0.16535794005102042	0.00011608000000000001
2902	3.4853134751319885	0.1665665124291409	0.00011612
2903	3.476041793823242	0.16858114868921353	0.00011616
2904	3.447770357131958	0.17389433660196119	0.00011619999999999999
2905	3.4840070605278015	0.16508603441376551	0.00011624000000000001
2906	3.472384750843048	0.1680418454399072	0.00011628
2907	3.4782201051712036	0.16715213757344624	0.00011632000000000001
2908	3.4864372611045837	0.16525907098685133	0.00011636
2909	3.477560043334961	0.16883714417171777	0.0001164
2910	3.487776756286621	0.16673646425366437	0.00011644000000000002
2911	3.4852417707443237	0.16470541385421023	0.00011648000000000001
2912	3.462287724018097	0.1696240451345549	0.00011652
2913	3.466064751148224	0.1699354233414179	0.00011656000000000001
2914	3.479921519756317	0.16750247770069376	0.0001166
2915	3.446984112262726	0.17499974915465116	0.00011664000000000002
2916	3.465112268924713	0.17012968902524056	0.00011668000000000001
2917	3.4729707837104797	0.16881764570421617	0.00011672000000000001
2918	3.476000666618347	0.16713580222179927	0.00011676
2919	3.477094054222107	0.16844530439639352	0.00011679999999999999
2920	3.4640971422195435	0.17045544869247278	0.00011684000000000001
2921	3.477341890335083	0.17086432469371787	0.00011688
2922	3.457685708999634	0.17037654048412348	0.00011692000000000001
2923	3.4673030376434326	0.17105630990415335	0.00011696
2924	3.4859299063682556	0.16483042343969495	0.000117
2925	3.47782564163208	0.16795233175174792	0.00011704000000000002
2926	3.462380528450012	0.17152991298406384	0.00011708000000000001
2927	3.4601552486419678	0.16958736576627068	0.00011712
2928	3.489789843559265	0.1657986372439815	0.00011716
2929	3.4577900171279907	0.1708549740311626	0.0001172
2930	3.466956079006195	0.16961869129119567	0.00011724000000000002
2931	3.443273365497589	0.17423262845889118	0.00011728000000000002
2932	3.46832674741745	0.16902765636175793	0.00011732000000000001
2933	3.461826264858246	0.16991175095263206	0.00011736
2934	3.4733318090438843	0.1676652646615348	0.0001174
2935	3.463279604911804	0.16787990455190746	0.00011744000000000001
2936	3.4633321166038513	0.1694828725299806	0.00011748000000000001
2937	3.471014082431793	0.1675829890932866	0.00011752000000000001
2938	3.444649338722229	0.17150524275704418	0.00011756
2939	3.4481217861175537	0.17257175002762515	0.0001176
2940	3.452779531478882	0.17135595933722886	0.00011763999999999999
2941	3.446128189563751	0.17153846153846153	0.00011768000000000001
2942	3.470890700817108	0.16645099160371965	0.00011772
2943	3.483325719833374	0.16637838482643444	0.00011776
2944	3.460005521774292	0.1698494473065573	0.0001178
2945	3.4500484466552734	0.17189091998801317	0.00011784
2946	3.4524478912353516	0.17169507944592582	0.00011788000000000002
2947	3.4518083930015564	0.1706450482910474	0.00011792000000000001
2948	3.4587267637252808	0.16917146822979598	0.00011796
2949	3.446974754333496	0.17273721901730654	0.000118
2950	3.432680070400238	0.17389644572140403	0.00011804
2951	3.4455461502075195	0.17146478001856047	0.00011808000000000001
2952	3.475159227848053	0.16733359408691117	0.00011812000000000001
2953	3.451867401599884	0.17228624553797814	0.00011816000000000001
2954	3.455135762691498	0.17285691586557558	0.0001182
2955	3.454927086830139	0.17074483459748233	0.00011823999999999999
2956	3.455807149410248	0.17005545286506468	0.00011828000000000001
2957	3.450846552848816	0.1719380955222693	0.00011832
2958	3.449550747871399	0.17123430443198173	0.00011836
2959	3.4489986896514893	0.1709672626417711	0.0001184
2960	3.450468063354492	0.1690764090529414	0.00011844
2961	3.4388856291770935	0.17357120651443586	0.00011848000000000002
2962	3.4292423725128174	0.17512373144028395	0.00011852000000000001
2963	3.4363853335380554	0.172285805754532	0.00011856
2964	3.4560112953186035	0.16911297370302694	0.0001186
2965	3.4185197353363037	0.17849199729933674	0.00011863999999999999
2966	3.4493247866630554	0.17149722478726678	0.00011868000000000001
2967	3.43778532743454	0.17453228127636344	0.00011872000000000002
2968	3.4274814128875732	0.17545900307840404	0.00011876000000000001
2969	3.4365499019622803	0.17246602136516376	0.0001188
2970	3.4583070874214172	0.16790951403833643	0.00011884
2971	3.4166459441184998	0.1771278081481186	0.00011888000000000001
2972	3.432691216468811	0.17376147153470264	0.00011892
2973	3.4381977319717407	0.1723617538003338	0.00011896
2974	3.420574128627777	0.1756902869270969	0.000119
2975	3.433573305606842	0.17217264286857692	0.00011904
2976	3.4409425854682922	0.17280804325447985	0.00011908000000000002
2977	3.4239469170570374	0.1750862284428893	0.00011912000000000001
2978	3.432546854019165	0.17542196093305518	0.00011916
2979	3.4107561111450195	0.18057221689059502	0.0001192
2980	3.4197731018066406	0.17664028849043373	0.00011923999999999999
2981	3.438379406929016	0.17257548490301938	0.00011928000000000001
2982	3.4264551997184753	0.17310013867965002	0.00011932000000000002
2983	3.438375234603882	0.17255134867607028	0.00011936000000000001
2984	3.4281780123710632	0.17307038762169402	0.0001194
2985	3.430001139640808	0.17269426865316326	0.00011944
2986	3.4355230927467346	0.1717962231879158	0.00011948000000000001
2987	3.4135664105415344	0.1763317498730244	0.00011952000000000001
2988	3.425456702709198	0.17304894810237065	0.00011956
2989	3.406710624694824	0.1798137387566664	0.00011960000000000001
2990	3.4360057711601257	0.17274462627507903	0.00011964
2991	3.421103358268738	0.17393809353518497	0.00011968000000000002
2992	3.4122526049613953	0.17688909462328803	0.00011972000000000001
2993	3.410347640514374	0.17667110572240663	0.00011976
2994	3.4236419796943665	0.17401221103375464	0.0001198
2995	3.4059237837791443	0.1766024427663432	0.00011983999999999999
2996	3.4200634360313416	0.17562663431997375	0.00011988000000000001
2997	3.422826111316681	0.17377458884230892	0.00011992
2998	3.4151276350021362	0.1746820508718605	0.00011996000000000001
2999	3.4281108379364014	0.1729935193179901	0.00012
3000	3.4385117292404175	0.17144171441714418	0.00012004
3001	3.42021244764328	0.1749455908431404	0.00012008000000000002
3002	3.4247774481773376	0.17588493359241972	0.00012012000000000001
3003	3.413867175579071	0.1764249435665914	0.00012016
3004	3.408595025539398	0.175860103782357	0.00012020000000000001
3005	3.414665400981903	0.17680290138094573	0.00012024
3006	3.4071084856987	0.17757448980613133	0.00012028000000000002
3007	3.418988823890686	0.17548060205652974	0.00012032000000000001
3008	3.3937426805496216	0.17898754519887505	0.00012036
3009	3.4025855660438538	0.1763705312027856	0.0001204
3010	3.3981602787971497	0.18059487261273474	0.00012043999999999999
3011	3.425827205181122	0.1732862459482172	0.00012048000000000001
3012	3.42167729139328	0.17314148206098176	0.00012052
3013	3.409195125102997	0.1758955380210879	0.00012056000000000001
3014	3.4168689250946045	0.17449644313004556	0.0001206
3015	3.391940474510193	0.1807153064385574	0.00012064
3016	3.3948616981506348	0.17904000160367242	0.00012068000000000002
3017	3.4160932898521423	0.17503295309263536	0.00012072000000000001
3018	3.390349328517914	0.1794708510363081	0.00012076
3019	3.4093000292778015	0.1747440747470535	0.0001208
3020	3.4069018959999084	0.17562109168520051	0.00012084
3021	3.3854411244392395	0.18101432767819675	0.00012088000000000002
3022	3.4047681093215942	0.1778572784778503	0.00012092000000000001
3023	3.383003294467926	0.18111813184062164	0.00012096000000000001
3024	3.3953261375427246	0.1779198362202196	0.000121
3025	3.39938086271286	0.17853623577891248	0.00012103999999999999
3026	3.419015109539032	0.1721403515745332	0.00012108000000000001
3027	3.3837612867355347	0.18086367485182048	0.00012112
3028	3.3848289847373962	0.1805351250347871	0.00012116000000000001
3029	3.375951826572418	0.1811187769891299	0.0001212
3030	3.4086790084838867	0.17587333500879618	0.00012124
3031	3.3940863013267517	0.17710138001075332	0.00012128000000000002
3032	3.394006133079529	0.1790485629335976	0.00012132000000000001
3033	3.39241886138916	0.17835107126455144	0.00012136
3034	3.3684232234954834	0.18336487697977885	0.0001214
3035	3.3890509009361267	0.17807462461708432	0.00012144
3036	3.385516881942749	0.17925596401054034	0.00012148000000000002
3037	3.3896831274032593	0.18011345413726748	0.00012152000000000002
3038	3.3970125913619995	0.17725588382573862	0.00012156000000000001
3039	3.3928964138031006	0.17963377578762194	0.0001216
3040	3.3859001994132996	0.1784974222934081	0.00012164
3041	3.3800238370895386	0.17972706460660237	0.00012168000000000001
3042	3.3861448764801025	0.17826419897964257	0.00012172000000000001
3043	3.3754846453666687	0.18139399825775251	0.00012176000000000001
3044	3.383691668510437	0.17831750014936967	0.0001218
3045	3.3800755739212036	0.18019069275726568	0.00012184
3046	3.402060329914093	0.17506765899864682	0.00012188000000000002
3047	3.3846280574798584	0.17850224663005493	0.00012192000000000001
3048	3.380610466003418	0.17990278761989362	0.00012196
3049	3.3707170486450195	0.1811888683041495	0.000122
3050	3.389347553253174	0.17814695974650394	0.00012204
3051	3.367360293865204	0.18236370728194665	0.00012208000000000002
3052	3.3831127882003784	0.17939220893317093	0.00012212
3053	3.374518036842346	0.180161457917033	0.00012216
3054	3.3846574425697327	0.17889141381277968	0.00012220000000000002
3055	3.3838031888008118	0.17801504296572665	0.00012224
3056	3.36929714679718	0.18361036730157126	0.00012228000000000003
3057	3.3823580741882324	0.18007217201992187	0.00012232
3058	3.379318416118622	0.17872561042482976	0.00012236000000000001
3059	3.3652106523513794	0.1815417742466081	0.0001224
3060	3.3580222725868225	0.18322888985840638	0.00012244
3061	3.3780789375305176	0.1799814050206444	0.00012248
3062	3.368200361728668	0.18215787480818668	0.00012252
3063	3.3806758522987366	0.17770762360510306	0.00012256000000000002
3064	3.376982808113098	0.18040965603601633	0.0001226
3065	3.3561044931411743	0.18562593516209477	0.00012264
3066	3.378862500190735	0.1796203260588971	0.00012267999999999998
3067	3.3767680525779724	0.18015743648868923	0.00012272000000000002
3068	3.3724401593208313	0.17968680266981385	0.00012276
3069	3.373440384864807	0.18006186248110592	0.0001228
3070	3.367609679698944	0.18300353885261428	0.00012284
3071	3.3702430725097656	0.18203138368008373	0.00012288
3072	3.3745914697647095	0.18040304934706805	0.00012292000000000002
3073	3.3820163011550903	0.17892911596759245	0.00012296
3074	3.359181046485901	0.18319201995012468	0.000123
3075	3.36749267578125	0.1808635239706486	0.00012304
3076	3.350145101547241	0.18573965743871726	0.00012308
3077	3.372294247150421	0.17893954410307236	0.00012312
3078	3.3685048818588257	0.1813840809666343	0.00012316
3079	3.3483055233955383	0.1828980758087398	0.0001232
3080	3.372862219810486	0.17938241141270142	0.00012324
3081	3.3506972193717957	0.18587063695523565	0.00012328
3082	3.3637579679489136	0.18137225458986525	0.00012332
3083	3.3464104533195496	0.18497334462657566	0.00012336
3084	3.356543242931366	0.18330412138815164	0.00012340000000000002
3085	3.3578808903694153	0.18320199501246884	0.00012344
3086	3.366283595561981	0.18053389412676213	0.00012348
3087	3.3705963492393494	0.1823686748665122	0.00012352
3088	3.3199798464775085	0.1907840344253967	0.00012356000000000002
3089	3.363829255104065	0.18186042832565405	0.0001236
3090	3.3443405628204346	0.18560142762617046	0.00012364
3091	3.3614416122436523	0.1821637717121588	0.00012368
3092	3.369414985179901	0.18040934800544736	0.00012372000000000001
3093	3.3476449847221375	0.1846866878143745	0.00012376000000000002
3094	3.3531296253204346	0.18311068511751433	0.0001238
3095	3.361410915851593	0.17970184401692343	0.00012384
3096	3.3684266805648804	0.18045142765991387	0.00012387999999999999
3097	3.367506444454193	0.18026074455955982	0.00012392000000000002
3098	3.3689748644828796	0.17827934253570574	0.00012396
3099	3.3401737809181213	0.18450981954348086	0.000124
3100	3.3561571836471558	0.18326008789452658	0.00012404
3101	3.3431790471076965	0.1827669975707045	0.00012408
3102	3.3685694336891174	0.17922153176014546	0.00012412000000000002
3103	3.3505409359931946	0.18248116925225719	0.00012416
3104	3.361579716205597	0.180908736933537	0.0001242
3105	3.337917685508728	0.18521837844297068	0.00012424
3106	3.3426135182380676	0.18470386881069895	0.00012428
3107	3.353405237197876	0.18100499074297674	0.00012432
3108	3.343071460723877	0.18339509423090297	0.00012436
3109	3.334870994091034	0.18456266479691094	0.00012440000000000002
3110	3.3348076939582825	0.18619470440766672	0.00012444
3111	3.337034225463867	0.1865457113584594	0.00012448
3112	3.3497472405433655	0.18020444328751214	0.00012452
3113	3.336416780948639	0.18365906515299124	0.00012456000000000001
3114	3.340960681438446	0.18301914946530715	0.0001246
3115	3.3421613574028015	0.18426719840478564	0.00012464
3116	3.3417662382125854	0.18511685116851168	0.00012468
3117	3.336619019508362	0.18439893107849395	0.00012472
3118	3.3279916644096375	0.18613730257565875	0.00012476000000000002
3119	3.3212905526161194	0.19023912348048624	0.0001248
3120	3.3424347043037415	0.18120939131821262	0.00012484
3121	3.3321444392204285	0.18766544466531482	0.00012488
3122	3.3412006497383118	0.18456576275235934	0.00012492000000000002
3123	3.348296821117401	0.18260947416588744	0.00012496000000000002
3124	3.3200178146362305	0.18874520787398447	0.000125
3125	3.347175180912018	0.18395369386721735	0.00012504
3126	3.3174394369125366	0.1871213553117197	0.00012508
3127	3.3267781138420105	0.18777125093360786	0.00012512000000000002
3128	3.32731169462204	0.1867475873047458	0.00012516
3129	3.3414393067359924	0.18327142743030594	0.0001252
3130	3.3200278282165527	0.18650682743751498	0.00012524000000000001
3131	3.3358243107795715	0.18459336990221797	0.00012528
3132	3.3354421854019165	0.18391890126892588	0.00012532000000000003
3133	3.3437631726264954	0.182028266798909	0.00012536
3134	3.3189454674720764	0.18733553774812078	0.0001254
3135	3.3050068020820618	0.19112631380074974	0.00012544
3136	3.3157623410224915	0.1871056624870218	0.00012548
3137	3.336051046848297	0.18566703857188396	0.00012552
3138	3.3175973892211914	0.18715629056390642	0.00012556
3139	3.3354076147079468	0.1843377118219192	0.00012560000000000002
3140	3.3179657459259033	0.18631020698935372	0.00012564
3141	3.3277037739753723	0.18535836415660548	0.00012568
3142	3.3210583329200745	0.1875815830070013	0.00012572
3143	3.3244051933288574	0.18574166882974263	0.00012576000000000002
3144	3.301130533218384	0.19046429356624628	0.0001258
3145	3.3015924096107483	0.19144629382822442	0.00012584
3146	3.3291540145874023	0.18375852742905582	0.00012588
3147	3.3133548498153687	0.18728805056687067	0.00012592000000000001
3148	3.3053078651428223	0.19089278597050618	0.00012596000000000002
3149	3.302906095981598	0.19055241807190582	0.000126
3150	3.3259397745132446	0.18535180852978225	0.00012604
3151	3.3142095804214478	0.18754162897277094	0.00012607999999999999
3152	3.3314324021339417	0.18378210397578043	0.00012612000000000002
3153	3.328932046890259	0.18543700952495057	0.00012616
3154	3.318463921546936	0.18722156036321042	0.0001262
3155	3.328786313533783	0.18347080964202772	0.00012624
3156	3.3160852789878845	0.18752125807806966	0.00012628
3157	3.3340724110603333	0.18425032335091035	0.00012632000000000002
3158	3.306175112724304	0.18908190066857689	0.00012636
3159	3.3119532465934753	0.1861551075913927	0.0001264
3160	3.3235060572624207	0.18585351827799204	0.00012644000000000002
3161	3.3099652528762817	0.18715360947694404	0.00012648
3162	3.330727279186249	0.18349088957146692	0.00012652000000000003
3163	3.3201911449432373	0.18628548580567772	0.00012656
3164	3.3195610642433167	0.18569301340155703	0.00012660000000000001
3165	3.309405028820038	0.1890843248836006	0.00012664
3166	3.303861618041992	0.18988753881870535	0.00012668
3167	3.307180881500244	0.19060539257249448	0.00012672
3168	3.30908465385437	0.18922928863581684	0.00012676
3169	3.3055257201194763	0.18746324592092017	0.00012680000000000002
3170	3.3152593970298767	0.18819246754019658	0.00012684
3171	3.2758663296699524	0.19426630706223155	0.00012688
3172	3.335184872150421	0.18650635534127585	0.00012692
3173	3.3112841844558716	0.1897423525035938	0.00012696000000000002
3174	3.3125871419906616	0.18758569980723752	0.000127
3175	3.322140097618103	0.18748941849000608	0.00012704
3176	3.3048978447914124	0.18941214159859043	0.00012708
3177	3.298075318336487	0.1902309270955787	0.00012712000000000002
3178	3.3019874691963196	0.18745885779258342	0.00012716000000000002
3179	3.315601944923401	0.18696401358579268	0.0001272
3180	3.308053970336914	0.18507017020005972	0.00012724
3181	3.3153198957443237	0.18675247465294806	0.00012728
3182	3.2940208315849304	0.19068660774983004	0.00012732000000000002
3183	3.2827212810516357	0.19275607010773435	0.00012736
3184	3.315679967403412	0.18515167963331525	0.0001274
3185	3.292275130748749	0.19102630841308613	0.00012744
3186	3.316633105278015	0.18619892446097402	0.00012748
3187	3.2901148796081543	0.19051724137931034	0.00012752
3188	3.2908217906951904	0.18963662030227346	0.00012756
3189	3.280945599079132	0.1941277448674823	0.0001276
3190	3.2942258715629578	0.18936365816612039	0.00012764
3191	3.298771023750305	0.18739843842891682	0.00012768
3192	3.283204436302185	0.1928070437248172	0.00012772
3193	3.2992552518844604	0.18839838303592027	0.00012776
3194	3.2886634469032288	0.19110735754384223	0.00012780000000000002
3195	3.3078439235687256	0.1879634883188501	0.00012784
3196	3.3015127778053284	0.18761766979131572	0.00012788
3197	3.2932198643684387	0.1886134432907745	0.00012792
3198	3.293382942676544	0.19017264012092763	0.00012796000000000001
3199	3.2828065752983093	0.18989158163265307	0.00012800000000000002
3200	3.295819401741028	0.18908917747199874	0.00012804
3201	3.2858411073684692	0.1921693967239313	0.00012808
3202	3.2638413310050964	0.19689491877635024	0.00012811999999999999
3203	3.2762333750724792	0.19253863178475372	0.00012816000000000002
3204	3.289191782474518	0.1907514450867052	0.0001282
3205	3.273794174194336	0.1933792133420405	0.00012824
3206	3.294756054878235	0.1898977303580946	0.00012828
3207	3.286300301551819	0.19119877099955399	0.00012832
3208	3.3044702410697937	0.18615596770325366	0.00012836000000000002
3209	3.290828287601471	0.1895945048518669	0.0001284
3210	3.3124420642852783	0.1864474539003548	0.00012844
3211	3.282207429409027	0.19060852994014948	0.00012848
3212	3.2864721417427063	0.19038298297298648	0.00012852
3213	3.288363814353943	0.18836872682568953	0.00012856
3214	3.29929655790329	0.18743226447924435	0.0001286
3215	3.264190435409546	0.1931228738333978	0.00012864000000000002
3216	3.2858753204345703	0.1905795289764488	0.00012868
3217	3.2826276421546936	0.19119142065501227	0.00012872
3218	3.2768954038619995	0.19257003776079487	0.00012876
3219	3.2647791504859924	0.19622351367004173	0.00012880000000000001
3220	3.2763278484344482	0.19308989488938075	0.00012884
3221	3.280690312385559	0.19325546043683495	0.00012888
3222	3.2842374444007874	0.19000570587705337	0.00012892
3223	3.2560495734214783	0.1965952828387382	0.00012896
3224	3.2769410610198975	0.19238494888827015	0.00012900000000000002
3225	3.2735291719436646	0.19122615262321144	0.00012904
3226	3.271073043346405	0.19463200372805062	0.00012908
3227	3.2712461352348328	0.19366106846125003	0.00012911999999999998
3228	3.2542308568954468	0.19544563714322666	0.00012916000000000002
3229	3.28240704536438	0.1900220248951077	0.00012920000000000002
3230	3.2698599696159363	0.19218260480381918	0.00012924
3231	3.2952150106430054	0.18691188624573074	0.00012928
3232	3.2738630175590515	0.19202598051461403	0.00012932
3233	3.2693369388580322	0.1918832395458432	0.00012936000000000002
3234	3.2700581550598145	0.1935899742159861	0.0001294
3235	3.2654860615730286	0.1939307776253742	0.00012944
3236	3.26810884475708	0.19325680195245412	0.00012948000000000001
3237	3.2764859199523926	0.19258179943897627	0.00012952
3238	3.2659977078437805	0.1939652599534412	0.00012956000000000003
3239	3.2428462505340576	0.19803682453369584	0.0001296
3240	3.245322287082672	0.19721247367893313	0.00012964
3241	3.2555970549583435	0.1935203065747476	0.00012968
3242	3.265088677406311	0.19378151092044463	0.00012972
3243	3.2488644123077393	0.1985351817944023	0.00012976
3244	3.259886085987091	0.1937839111815383	0.0001298
3245	3.2610552310943604	0.19399937952223212	0.00012984000000000002
3246	3.2384172081947327	0.19838528237648206	0.00012988
3247	3.259582757949829	0.19481475585976363	0.00012992
3248	3.2395665645599365	0.19722536918887762	0.00012996
3249	3.295244514942169	0.1895762939927638	0.00013000000000000002
3250	3.274898648262024	0.19324914716619787	0.00013004
3251	3.267089009284973	0.19316655641750355	0.00013008
3252	3.270957887172699	0.19283540388165443	0.00013012
3253	3.2692261934280396	0.1912102853258153	0.00013016000000000001
3254	3.2622753381729126	0.1920190518121235	0.00013020000000000002
3255	3.2678093314170837	0.19249468398406694	0.00013024
3256	3.2475324273109436	0.19630123659850163	0.00013028
3257	3.2681071162223816	0.19344288291145514	0.00013031999999999999
3258	3.2675341367721558	0.19261503995519416	0.00013036000000000002
3259	3.254723310470581	0.19577602750679673	0.0001304
3260	3.2607505917549133	0.19271341281372528	0.00013044
3261	3.2371410727500916	0.19873325407846232	0.00013048
3262	3.2621007561683655	0.19311166253101736	0.00013052
3263	3.260634958744049	0.19279549494969558	0.00013056000000000002
3264	3.2508381009101868	0.1958503740648379	0.0001306
3265	3.2491297721862793	0.19508396056717348	0.00013064
3266	3.246973931789398	0.19573921357714832	0.00013068
3267	3.255946934223175	0.1928786349050851	0.00013072
3268	3.2867690920829773	0.18955493382542613	0.00013076000000000003
3269	3.2421279549598694	0.19576482311908322	0.0001308
3270	3.263039708137512	0.19615912208504802	0.00013084000000000001
3271	3.250884473323822	0.19574476594213042	0.00013088
3272	3.243810772895813	0.19721119511659918	0.00013092
3273	3.2359320521354675	0.19877112441120529	0.00013096
3274	3.250528872013092	0.1956062653255267	0.000131
3275	3.253146171569824	0.19428514136755565	0.00013104000000000002
3276	3.2524712681770325	0.19438768963509126	0.00013108
3277	3.2489084005355835	0.19376779026217228	0.00013112
3278	3.231555700302124	0.19803440783047266	0.00013116
3279	3.2536131143569946	0.19404745247756303	0.00013120000000000002
3280	3.2481866478919983	0.19596241212279242	0.00013124
3281	3.238978862762451	0.1979241302444073	0.00013128
3282	3.24538254737854	0.19345332592474995	0.00013132
3283	3.2566378712654114	0.19441586334348934	0.00013136000000000002
3284	3.250475525856018	0.19215804554365856	0.00013140000000000002
3285	3.26201993227005	0.1937314266339576	0.00013144
3286	3.256542682647705	0.19249473253247856	0.00013148
3287	3.256583094596863	0.192308850845926	0.00013152
3288	3.245191276073456	0.19329153479427907	0.00013156000000000002
3289	3.2279878854751587	0.19842918924292888	0.0001316
3290	3.2508589029312134	0.1940840376145697	0.00013164
3291	3.2289493083953857	0.1975714697377704	0.00013168
3292	3.257100999355316	0.193640696352723	0.00013172
3293	3.2387883067131042	0.19712310592835697	0.00013176000000000003
3294	3.2277910113334656	0.19844334620540627	0.0001318
3295	3.248534679412842	0.19448290977196425	0.00013184
3296	3.226809084415436	0.19867668812217648	0.00013188
3297	3.2253429889678955	0.19856459330143542	0.00013192
3298	3.2294560074806213	0.1985657641101445	0.00013196
3299	3.2199376225471497	0.19978197601736192	0.000132
3300	3.250461757183075	0.19453006556290725	0.00013204000000000002
3301	3.2380170226097107	0.1967044078045069	0.00013208
3302	3.2577184438705444	0.19337777422960242	0.00013212
3303	3.226176917552948	0.1997925062846654	0.00013216
3304	3.2437025904655457	0.19614077403793442	0.00013220000000000001
3305	3.228684186935425	0.19789256488075563	0.00013224000000000002
3306	3.234341084957123	0.19762366393238875	0.00013228
3307	3.255850672721863	0.19309848742182348	0.00013232
3308	3.214561700820923	0.2032401467911806	0.00013236
3309	3.2354525327682495	0.19756735704727477	0.00013240000000000002
3310	3.2394164204597473	0.19499635025548212	0.00013244
3311	3.241645634174347	0.1954137191002305	0.00013248
3312	3.241818130016327	0.19522158456878685	0.00013252
3313	3.2389774918556213	0.1953040984585972	0.00013256
3314	3.236291289329529	0.197249305354991	0.00013260000000000002
3315	3.2249844074249268	0.19740887787695155	0.00013264
3316	3.236136734485626	0.1972336116188312	0.00013268
3317	3.237175226211548	0.1987360668789809	0.00013272
3318	3.214644968509674	0.20018873417594443	0.00013276
3319	3.237153708934784	0.19619874885444474	0.0001328
3320	3.226089119911194	0.19634489222118087	0.00013284
3321	3.2453998923301697	0.19441673980690977	0.00013288000000000002
3322	3.222647726535797	0.19891744263138625	0.00013292
3323	3.206257939338684	0.20166696684076765	0.00013296
3324	3.221568286418915	0.20041550412493225	0.000133
3325	3.2135220766067505	0.20000600108019442	0.00013304000000000001
3326	3.2270928025245667	0.19612164392384174	0.00013308
3327	3.214433968067169	0.19984612617653524	0.00013312
3328	3.2358527779579163	0.19725160889974278	0.00013316
3329	3.211723566055298	0.2004157630150814	0.0001332
3330	3.2211204171180725	0.2000537137059473	0.00013324000000000002
3331	3.224679410457611	0.1975689947195377	0.00013328
3332	3.204533040523529	0.20174084512652996	0.00013332
3333	3.2431389689445496	0.19435435435435436	0.00013335999999999998
3334	3.2075523138046265	0.20178083293133944	0.00013340000000000002
3335	3.2294246554374695	0.19767105957824063	0.00013344
3336	3.2274861931800842	0.19815727874894168	0.00013348
3337	3.2185779213905334	0.1994398540829853	0.00013352
3338	3.248021900653839	0.19282972577262475	0.00013356
3339	3.226517915725708	0.1963558906767203	0.00013360000000000002
3340	3.2256762981414795	0.19645604804685562	0.00013364
3341	3.218300223350525	0.20038988303508948	0.00013368
3342	3.221127688884735	0.19846176896568946	0.00013372000000000001
3343	3.2298635244369507	0.19709053977357588	0.00013376
3344	3.2095747590065002	0.19893007336926521	0.00013380000000000003
3345	3.222321629524231	0.1994764293279511	0.00013384
3346	3.2097029089927673	0.20040667424197117	0.00013388
3347	3.2089220881462097	0.2001139623924105	0.00013392
3348	3.207481026649475	0.20059495975564864	0.00013396
3349	3.225321352481842	0.1971554487179487	0.000134
3350	3.209682583808899	0.19872646842950945	0.00013404
3351	3.2205076813697815	0.19710234217403833	0.00013408000000000002
3352	3.2030816078186035	0.2010456605088881	0.00013412
3353	3.2293856739997864	0.19754139836688528	0.00013416
3354	3.1868122816085815	0.2047469145055714	0.0001342
3355	3.219617545604706	0.1975438596491228	0.00013424000000000002
3356	3.2111311554908752	0.19902456575186392	0.00013428
3357	3.2270662784576416	0.1975860971923964	0.00013432
3358	3.211288034915924	0.20005401458393765	0.00013436
3359	3.1992682218551636	0.20135309278350516	0.00013440000000000001
3360	3.213801681995392	0.19800899228807084	0.00013444000000000002
3361	3.2121641635894775	0.199585215319115	0.00013448
3362	3.200525641441345	0.200395371940634	0.00013452
3363	3.1996297240257263	0.2003257003556728	0.00013455999999999999
3364	3.212586283683777	0.1999539898777731	0.00013460000000000002
3365	3.1686893701553345	0.207209372183839	0.00013464
3366	3.2064250707626343	0.20198088446491358	0.00013468
3367	3.2123976349830627	0.19850804397974775	0.00013472
3368	3.190921664237976	0.2032664442563362	0.00013476
3369	3.2023256421089172	0.19958041958041958	0.00013480000000000002
3370	3.1998326778411865	0.19965590365302285	0.00013484
3371	3.223321497440338	0.19769073806798387	0.00013488
3372	3.196653962135315	0.20295630461922598	0.00013492
3373	3.1913541555404663	0.20234533684199993	0.00013496
3374	3.2160433530807495	0.19814587512099713	0.00013500000000000003
3375	3.1998488903045654	0.20043405208625034	0.00013504
3376	3.220876395702362	0.19909935996645067	0.00013508000000000001
3377	3.224976420402527	0.1972694150726704	0.00013512
3378	3.2082685828208923	0.2032068062827225	0.00013516
3379	3.210130453109741	0.1976769603751838	0.0001352
3380	3.2067397832870483	0.2009229147397838	0.00013524
3381	3.205196976661682	0.20119841673396544	0.00013528000000000002
3382	3.2028239369392395	0.19992019154030327	0.00013532
3383	3.2019298672676086	0.20079880179730406	0.00013536
3384	3.1937459111213684	0.20074035007413452	0.0001354
3385	3.183684289455414	0.20353823626094492	0.00013544000000000002
3386	3.19809627532959	0.20001193507320178	0.00013548
3387	3.192850351333618	0.2003973602499975	0.00013552
3388	3.1834898591041565	0.20471322265605596	0.00013556
3389	3.194061040878296	0.2019305635967977	0.00013560000000000002
3390	3.1780795454978943	0.20492636361824668	0.00013564000000000002
3391	3.1821247339248657	0.2030253744299983	0.00013568
3392	3.1805617809295654	0.20440752163963785	0.00013572
3393	3.1737324595451355	0.2075100189938245	0.00013576
3394	3.210313320159912	0.2003675369035016	0.00013580000000000002
3395	3.2079012393951416	0.19947697805104456	0.00013584
3396	3.1834681630134583	0.2064572634260918	0.00013588
3397	3.1867212057113647	0.20290332235857528	0.00013592
3398	3.1738131642341614	0.20637066410318033	0.00013596
3399	3.169328033924103	0.20715777691162215	0.00013600000000000003
3400	3.168128550052643	0.2067604564257309	0.00013604
3401	3.1762863397598267	0.2035117305689202	0.00013608
3402	3.224492907524109	0.19561054501076527	0.00013612
3403	3.1918556094169617	0.20248193998980846	0.00013616
3404	3.194826662540436	0.20035322015736157	0.0001362
3405	3.175834894180298	0.20569970054464698	0.00013624
3406	3.194040298461914	0.19894063561862882	0.00013628000000000002
3407	3.182419776916504	0.20358130270629154	0.00013632
3408	3.1861753463745117	0.2003026992352334	0.00013636
3409	3.168159782886505	0.20576473175901303	0.0001364
3410	3.171521544456482	0.20603515197356637	0.00013644000000000002
3411	3.1623029112815857	0.2086676729959482	0.00013648
3412	3.173453629016876	0.20629401889397717	0.00013652
3413	3.1540191173553467	0.20984946365794296	0.00013656
3414	3.1791255474090576	0.20462092418483696	0.0001366
3415	3.194227933883667	0.19970393625688002	0.00013664000000000002
3416	3.1783044934272766	0.20515642351905394	0.00013668
3417	3.169561505317688	0.2063867121293693	0.00013672
3418	3.153702199459076	0.2109812966955824	0.00013676
3419	3.1782792806625366	0.2029276177932108	0.00013680000000000002
3420	3.1653735637664795	0.20691018733626612	0.00013684000000000002
3421	3.1759424805641174	0.2043776267724577	0.00013688
3422	3.153404414653778	0.20999124621995863	0.00013692
3423	3.1794562339782715	0.20311416628697082	0.00013696
3424	3.1657564640045166	0.2055130624813748	0.00013700000000000002
3425	3.163798153400421	0.20474388089830936	0.00013704
3426	3.1582542657852173	0.20751242119749452	0.00013708
3427	3.151628017425537	0.207837385159711	0.00013712000000000002
3428	3.1607794761657715	0.20787274197897007	0.00013716
3429	3.1531293392181396	0.20672775572336805	0.00013720000000000003
3430	3.1478280425071716	0.20927686258896133	0.00013724
3431	3.1471279859542847	0.2099062010944867	0.00013728000000000001
3432	3.1657261848449707	0.20717890411505396	0.00013732
3433	3.1390941739082336	0.2107223532955173	0.00013736
3434	3.1787766814231873	0.2051772012062222	0.0001374
3435	3.147972881793976	0.20791293391668403	0.00013744
3436	3.151411235332489	0.21016726010592143	0.00013748000000000002
3437	3.162950336933136	0.2049090945139481	0.00013752
3438	3.155302107334137	0.20556031989788795	0.00013756
3439	3.1437994241714478	0.2103415352177113	0.00013759999999999998
3440	3.1430156230926514	0.20890167269665963	0.00013764000000000002
3441	3.1483827233314514	0.20754982320797172	0.00013768
3442	3.1573352217674255	0.20722720500744918	0.00013772
3443	3.1492149233818054	0.2075454627702886	0.00013776
3444	3.1323822140693665	0.21149604255871285	0.0001378
3445	3.1353880763053894	0.21095958343664767	0.00013784000000000002
3446	3.1499029994010925	0.20605466817093204	0.00013788
3447	3.142670214176178	0.20861344746432578	0.00013792
3448	3.1414870619773865	0.2094669475533901	0.00013796
3449	3.136609435081482	0.21020329119203918	0.000138
3450	3.117888569831848	0.21333652102882872	0.00013804000000000003
3451	3.1446011662483215	0.20949284785435632	0.00013808
3452	3.129319131374359	0.21010346683678555	0.00013812
3453	3.132987856864929	0.2104550702711311	0.00013816
3454	3.1295072436332703	0.21113619563262942	0.0001382
3455	3.1146644949913025	0.21472111553784862	0.00013824
3456	3.1214836835861206	0.2123504030771377	0.00013828
3457	3.123148798942566	0.21291658783817424	0.00013832000000000002
3458	3.094546616077423	0.21884874840269042	0.00013836
3459	3.1287562251091003	0.211569384145361	0.0001384
3460	3.1180257201194763	0.21102295949032335	0.00013844
3461	3.130131721496582	0.21217781840583455	0.00013848000000000002
3462	3.122845947742462	0.2123225581511182	0.00013852
3463	3.119040310382843	0.213897274926525	0.00013856
3464	3.1390114426612854	0.2093444658016979	0.0001386
3465	3.106876313686371	0.2149541985490418	0.00013864000000000001
3466	3.092724323272705	0.21849159609250798	0.00013868000000000002
3467	3.1095235347747803	0.2146959932754273	0.00013872
3468	3.078196167945862	0.22119935040997898	0.00013876
3469	3.092853605747223	0.21647183634252773	0.00013879999999999999
3470	3.117339253425598	0.21296777546777546	0.00013884000000000002
3471	3.1000495553016663	0.21233389574992761	0.00013888
3472	3.092238128185272	0.21442559398916933	0.00013892
3473	3.088646709918976	0.2174889683126011	0.00013896
3474	3.0645281076431274	0.22324504097873857	0.000139
3475	3.0472700595855713	0.22312484425616746	0.00013904000000000002
3476	3.078709661960602	0.21851625629574742	0.00013908
3477	3.0673001408576965	0.22001645958369298	0.00013912
3478	3.065793514251709	0.22096699071459008	0.00013916
3479	3.030405879020691	0.22717719362903788	0.0001392
3480	3.058533549308777	0.22164501301213468	0.00013924
3481	3.027128756046295	0.2252229782309396	0.00013928
3482	3.0624880194664	0.2212674437044085	0.00013932000000000001
3483	3.047018527984619	0.22661404452949033	0.00013936
3484	3.0309242010116577	0.2260006944099995	0.0001394
3485	3.030747175216675	0.22883019319098907	0.00013944
3486	3.0315264463424683	0.22452473195783404	0.00013948
3487	3.0321766138076782	0.22615293067539421	0.00013952000000000002
3488	3.0173893570899963	0.22845981696838907	0.00013956
3489	3.0166884660720825	0.22805285464971328	0.0001396
3490	3.007874011993408	0.2299790964463959	0.00013964
3491	3.011265754699707	0.2276860160406575	0.00013968000000000002
3492	3.0133647322654724	0.22897831826546125	0.00013972
3493	3.0099692940711975	0.22619023814760753	0.00013976
3494	2.9816404581069946	0.2324481089588138	0.0001398
3495	2.9780169129371643	0.23577308786109863	0.00013984000000000002
3496	2.9751073718070984	0.23321576015070744	0.00013988000000000002
3497	2.9635164737701416	0.23633014735165273	0.00013992
3498	2.969592332839966	0.23371938484906019	0.00013996
3499	2.9601017236709595	0.23393029576020627	0.00014
3500	2.961315870285034	0.23413978494623655	0.00014004000000000002
3501	2.9417006969451904	0.23955603208641094	0.00014008
3502	2.942768096923828	0.23853247555121795	0.00014012
3503	2.9427255392074585	0.23550356052899288	0.00014016
3504	2.94214403629303	0.23474141099115026	0.0001402
3505	2.9262645840644836	0.24035661753669738	0.00014024000000000003
3506	2.9402471780776978	0.23613183772298266	0.00014028
3507	2.924870014190674	0.2387243871841335	0.00014032
3508	2.9110076427459717	0.24367701863354038	0.00014036
3509	2.901902675628662	0.24405640432406558	0.0001404
3510	2.9155895113945007	0.24088654711652646	0.00014044
3511	2.909495174884796	0.23957866204271178	0.00014048
3512	2.87713360786438	0.24711191876429064	0.00014052000000000002
3513	2.9208611249923706	0.23834124685201222	0.00014056
3514	2.8855257630348206	0.24474930556943306	0.0001406
3515	2.902955651283264	0.2447695815665253	0.00014064
3516	2.907058358192444	0.24099791934215373	0.00014068000000000002
3517	2.90878826379776	0.23905236215004266	0.00014072
3518	2.915055215358734	0.24063066945984143	0.00014076
3519	2.9056549072265625	0.23914080197114812	0.0001408
3520	2.8622828125953674	0.24813197090749897	0.00014084000000000001
3521	2.904473662376404	0.24315575194876124	0.00014088000000000002
3522	2.8788753151893616	0.2443083796208578	0.00014092
3523	2.8836214542388916	0.24284973989994618	0.00014096
3524	2.8751319646835327	0.24610704496852503	0.000141
3525	2.8655218482017517	0.24666573632902056	0.00014104000000000002
3526	2.8606172800064087	0.24603966755936793	0.00014108000000000002
3527	2.851237654685974	0.2490316429295036	0.00014112
3528	2.8557587265968323	0.24859567467800828	0.00014116
3529	2.842799961566925	0.248944183319587	0.0001412
3530	2.850427031517029	0.24580068865711863	0.00014124000000000002
3531	2.8349432945251465	0.2521902628315398	0.00014128
3532	2.8207525610923767	0.2544846608723261	0.00014132
3533	2.830417573451996	0.2505068461684427	0.00014136000000000002
3534	2.827028274536133	0.2506675666822184	0.0001414
3535	2.8287755846977234	0.2488272729988945	0.00014144000000000003
3536	2.8013978600502014	0.25555555555555554	0.00014148
3537	2.852477252483368	0.2473745855914875	0.00014152000000000001
3538	2.810518443584442	0.2542350885949588	0.00014156
3539	2.8238771557807922	0.24959583258487517	0.0001416
3540	2.8007790446281433	0.25599723128646296	0.00014164
3541	2.836548864841461	0.24832584258415832	0.00014168
3542	2.8150983452796936	0.2531961365822379	0.00014172000000000002
3543	2.860872805118561	0.24601836985030864	0.00014176
3544	2.8285748958587646	0.2530739129571142	0.0001418
3545	2.8099842071533203	0.25261315427746406	0.00014184
3546	2.8159448504447937	0.2526630461860396	0.00014188000000000002
3547	2.8171963691711426	0.24950081865740187	0.00014192
3548	2.7823877334594727	0.2567972800850475	0.00014196
3549	2.7824867963790894	0.25495121341005755	0.000142
3550	2.79332834482193	0.25284731195720767	0.00014204000000000002
3551	2.7828118801116943	0.2576387312055127	0.00014208000000000002
3552	2.7797887921333313	0.25694073005076246	0.00014212
3553	2.768807291984558	0.257621433847751	0.00014216
3554	2.766387701034546	0.2558560903339473	0.0001422
3555	2.7800772190093994	0.2559094462089505	0.00014224000000000002
3556	2.744178295135498	0.26111658358456963	0.00014228
3557	2.7481024861335754	0.26195645678545104	0.00014232
3558	2.755344569683075	0.25845140690480944	0.00014236
3559	2.7407161593437195	0.2582623103711715	0.0001424
3560	2.740039885044098	0.2606053348501632	0.00014244000000000003
3561	2.7440237402915955	0.2573322236817038	0.00014248
3562	2.7327221035957336	0.2610169828580519	0.00014252
3563	2.7260990738868713	0.26460371331603116	0.00014256000000000002
3564	2.7281049489974976	0.2616440953683097	0.0001426
3565	2.72858202457428	0.2612846445299681	0.00014264
3566	2.718677520751953	0.2624434841755692	0.00014268
3567	2.716796100139618	0.26250497809637596	0.00014272000000000002
3568	2.7077701091766357	0.26437068131736646	0.00014276
3569	2.713368594646454	0.2643900193168056	0.0001428
3570	2.7100064754486084	0.26089389941632685	0.00014284
3571	2.705653488636017	0.26352462303496954	0.00014288000000000001
3572	2.684286653995514	0.2666492320381416	0.00014292000000000002
3573	2.7210137844085693	0.2648977127643781	0.00014296
3574	2.6917107701301575	0.26577025894745243	0.000143
3575	2.717496693134308	0.2648281110743934	0.00014303999999999999
3576	2.6856465935707092	0.26655668866226756	0.00014308000000000002
3577	2.71789014339447	0.26330577185518184	0.00014312
3578	2.691725254058838	0.268158330406863	0.00014316
3579	2.686371386051178	0.26652588596763377	0.0001432
3580	2.7151488065719604	0.26415451996847344	0.00014324
3581	2.6746394634246826	0.2693137206181981	0.00014328000000000002
3582	2.7112505435943604	0.263753223606257	0.00014332
3583	2.6944618225097656	0.2664099229768931	0.00014336
3584	2.671018898487091	0.2714533804419426	0.0001434
3585	2.698758602142334	0.26620069895157267	0.00014344
3586	2.673991084098816	0.2669824955837482	0.00014348
3587	2.695331394672394	0.26540425320973576	0.00014352
3588	2.68263441324234	0.2647796062734685	0.00014356000000000001
3589	2.690707564353943	0.26245827372436814	0.0001436
3590	2.663525700569153	0.272272482176023	0.00014364
3591	2.6730719208717346	0.2668866382232146	0.00014368
3592	2.6660647988319397	0.27077914282284204	0.00014372
3593	2.667656362056732	0.2658997765463892	0.00014376
3594	2.6277416944503784	0.2739495798319328	0.0001438
3595	2.650749146938324	0.27122052704576977	0.00014384
3596	2.6342610716819763	0.27495581495202054	0.00014388
3597	2.639337182044983	0.27211459150622647	0.00014392000000000002
3598	2.6330703496932983	0.27286503833125336	0.00014396
3599	2.6174705028533936	0.276548162262448	0.000144
3600	2.6204935908317566	0.27382555691896365	0.00014404
3601	2.632100760936737	0.2744917552507077	0.00014408000000000002
3602	2.616028606891632	0.27443360509605175	0.00014412000000000002
3603	2.602797508239746	0.27904834381383425	0.00014416
3604	2.6160380244255066	0.27596661115155624	0.0001442
3605	2.608102321624756	0.2772411185944946	0.00014424
3606	2.597136437892914	0.2775392843857762	0.00014428000000000002
3607	2.611558675765991	0.2744499516441006	0.00014432
3608	2.611928164958954	0.27542899158411416	0.00014436
3609	2.5948567390441895	0.2761985617259289	0.0001444
3610	2.578864097595215	0.2851410769564446	0.00014444
3611	2.5888203382492065	0.2756174198454949	0.00014448000000000003
3612	2.593640625476837	0.2768040878408605	0.00014452
3613	2.591983377933502	0.2775853833293528	0.00014456
3614	2.572247266769409	0.28298746087753923	0.0001446
3615	2.574678361415863	0.2794419123061919	0.00014464
3616	2.5710607171058655	0.28250207274071265	0.00014468
3617	2.5746284127235413	0.27893641802634067	0.00014472
3618	2.5823848247528076	0.27988832386080365	0.00014476000000000002
3619	2.5476932525634766	0.2856476704500357	0.0001448
3620	2.5624423027038574	0.2884799825978623	0.00014484
3621	2.5489220023155212	0.2825500326026985	0.00014488
3622	2.59135764837265	0.2812384297479311	0.00014492000000000002
3623	2.5568838119506836	0.28371601479546565	0.00014496
3624	2.5822630524635315	0.28076712873254833	0.000145
3625	2.5619434118270874	0.2837943554048904	0.00014504
3626	2.5820560455322266	0.2761129066149028	0.00014508000000000001
3627	2.5757558941841125	0.27999601613465464	0.00014512000000000002
3628	2.5637892484664917	0.28218902299251525	0.00014516
3629	2.580810010433197	0.27976438388766584	0.0001452
3630	2.545415699481964	0.2839815267373545	0.00014523999999999998
3631	2.556622326374054	0.2835036584023142	0.00014528000000000002
3632	2.5718530416488647	0.2812995479747496	0.00014532000000000002
3633	2.52714866399765	0.2885569650646284	0.00014536
3634	2.5559969544410706	0.2806215180370619	0.0001454
3635	2.5356832146644592	0.28846574525206325	0.00014544
3636	2.5291980504989624	0.2882696215328869	0.00014548000000000002
3637	2.5498615503311157	0.2871482148364056	0.00014552
3638	2.5459553003311157	0.2852002113258705	0.00014556
3639	2.533960700035095	0.2857028273511129	0.00014560000000000002
3640	2.5301400423049927	0.2863963003199346	0.00014564
3641	2.5101284980773926	0.29464250307332357	0.00014568000000000003
3642	2.505567967891693	0.28810543788329074	0.00014572
3643	2.5387335419654846	0.284011956293549	0.00014576000000000001
3644	2.527340888977051	0.2850490171585038	0.0001458
3645	2.5131378769874573	0.28885840450990796	0.00014584
3646	2.5068110823631287	0.2918956043956044	0.00014588
3647	2.517087459564209	0.2903113151067651	0.00014592
3648	2.503767192363739	0.2920543449986994	0.00014596000000000002
3649	2.513845682144165	0.2862273423665413	0.000146
3650	2.498774290084839	0.291665837693731	0.00014604
3651	2.482348680496216	0.292881146355813	0.00014608
3652	2.5207618474960327	0.29158699808795413	0.00014612000000000002
3653	2.496761381626129	0.29115841505222034	0.00014616
3654	2.50947242975235	0.2894184652278177	0.0001462
3655	2.495555341243744	0.29452971979054243	0.00014624
3656	2.4892659783363342	0.2929778006614254	0.00014628000000000002
3657	2.5117357969284058	0.2885236746579441	0.00014632000000000002
3658	2.497381806373596	0.28825565805534986	0.00014636
3659	2.5048036575317383	0.2912710839791489	0.0001464
3660	2.4977198243141174	0.2935041479776128	0.00014644
3661	2.505621075630188	0.2877272227607503	0.00014648000000000002
3662	2.5113290548324585	0.28710440342332594	0.00014652
3663	2.480653703212738	0.29239366406689715	0.00014656
3664	2.4998276829719543	0.2895274329195034	0.0001466
3665	2.4891332387924194	0.2936666766231568	0.00014664
3666	2.482976257801056	0.2904511398055157	0.00014668000000000003
3667	2.501171350479126	0.28821860534567717	0.00014672
3668	2.482769727706909	0.2923922642614037	0.00014676
3669	2.462039351463318	0.29503762110388637	0.00014680000000000002
3670	2.4807726740837097	0.2952069609189045	0.00014684
3671	2.458186447620392	0.30133650133650136	0.00014688000000000003
3672	2.4638596773147583	0.29695337451567366	0.00014692
3673	2.462125062942505	0.2980146934555468	0.00014696000000000002
3674	2.4639517068862915	0.2951611303916708	0.000147
3675	2.481580674648285	0.29331141989142884	0.00014704
3676	2.4399684071540833	0.30087990058526415	0.00014708
3677	2.46506929397583	0.2957485215067168	0.00014712000000000001
3678	2.465866208076477	0.29314741035856573	0.00014716000000000002
3679	2.4559837579727173	0.29411706476871147	0.0001472
3680	2.443078637123108	0.29819877261496774	0.00014724
3681	2.4431018233299255	0.29943480258033595	0.00014728
3682	2.442026913166046	0.29830997117009644	0.00014732000000000002
3683	2.4455294013023376	0.2971448433387954	0.00014736
3684	2.415159821510315	0.3041310754782956	0.0001474
3685	2.4483837485313416	0.2968785850383568	0.00014744
3686	2.420470416545868	0.3016154236630204	0.00014748000000000002
3687	2.4323670864105225	0.3023050524687072	0.00014752000000000002
3688	2.3983154892921448	0.309247371941419	0.00014756
3689	2.4306399822235107	0.30127137657675623	0.0001476
3690	2.4210453033447266	0.300070553396997	0.00014764
3691	2.426102936267853	0.30149782894474764	0.00014768
3692	2.423164486885071	0.30181991009366893	0.00014772
3693	2.4046648740768433	0.30407588970537053	0.00014776
3694	2.42856502532959	0.2982327836662726	0.00014780000000000001
3695	2.3969279527664185	0.3035575408299599	0.00014784
3696	2.3995123505592346	0.30650299663500785	0.00014788
3697	2.409805178642273	0.3013468180063927	0.00014792
3698	2.443774104118347	0.29862427885585185	0.00014796
3699	2.423001766204834	0.30128186033580573	0.000148
3700	2.4123955368995667	0.3052872597836303	0.00014804
3701	2.3974997997283936	0.3049658132454958	0.00014808
3702	2.3931609392166138	0.3077826433121019	0.00014812
3703	2.3897807002067566	0.30548657032005827	0.00014816000000000002
3704	2.3823404908180237	0.30812692728538743	0.0001482
3705	2.4037047028541565	0.30514815329350825	0.00014824
3706	2.3595868349075317	0.3132453045190568	0.00014828
3707	2.3824694752693176	0.3055793307987818	0.00014832000000000002
3708	2.384730875492096	0.3055915599095705	0.00014836000000000002
3709	2.362262725830078	0.31419787259282694	0.0001484
3710	2.3819456696510315	0.3046641587342551	0.00014844
3711	2.374839425086975	0.3064957453419262	0.00014848
3712	2.382743239402771	0.3052450990228144	0.00014852000000000002
3713	2.3970906138420105	0.3088643072244253	0.00014856
3714	2.3800689578056335	0.30398025362499875	0.0001486
3715	2.3734195232391357	0.3066963039751206	0.00014864
3716	2.385361135005951	0.31139210353931357	0.00014868
3717	2.3679727911949158	0.312130503617307	0.00014872000000000003
3718	2.4070613980293274	0.3029780704813335	0.00014876
3719	2.352475881576538	0.3112031135203828	0.0001488
3720	2.417362630367279	0.30664710954301744	0.00014884
3721	2.3982136845588684	0.3136482015907651	0.00014888
3722	2.362904191017151	0.31004171632896305	0.00014892
3723	2.3911672234535217	0.30157401872883044	0.00014896
3724	2.3887471556663513	0.30624188554878656	0.00014900000000000002
3725	2.3723227977752686	0.31100952304737517	0.00014904
3726	2.3403374552726746	0.31372804816859007	0.00014908
3727	2.355128824710846	0.31024647187437887	0.00014912
3728	2.364896595478058	0.3074066350899143	0.00014916000000000002
3729	2.308246433734894	0.3231414153454921	0.0001492
3730	2.3670056462287903	0.31279383313786224	0.00014924
3731	2.335035502910614	0.3153424930306651	0.00014928
3732	2.3604365587234497	0.3087578283936336	0.00014932000000000001
3733	2.3425856828689575	0.31313525410164067	0.00014936000000000002
3734	2.3256582617759705	0.3166929637100801	0.0001494
3735	2.310152232646942	0.32221767389850137	0.00014944
3736	2.3127601742744446	0.32071346946887264	0.00014947999999999999
3737	2.287000060081482	0.32502941939086905	0.00014952000000000002
3738	2.300880253314972	0.32027382310630487	0.00014956
3739	2.2805641293525696	0.32654389601546147	0.0001496
3740	2.309646725654602	0.31731433203566745	0.00014964
3741	2.2861867547035217	0.3224057898677315	0.00014968
3742	2.3019760251045227	0.31706827913319896	0.00014972000000000002
3743	2.288752257823944	0.32076193929870156	0.00014976
3744	2.2644222378730774	0.3264718857784551	0.0001498
3745	2.2695353031158447	0.32560449483294873	0.00014984000000000002
3746	2.2552886605262756	0.3291590884244213	0.00014988
3747	2.280736267566681	0.32154276777798807	0.00014992000000000003
3748	2.2594947814941406	0.3281669477739299	0.00014996
3749	2.2498913407325745	0.3316138468075855	0.00015000000000000001
3750	2.2373655438423157	0.33110142948923865	0.00015004
3751	2.2353665828704834	0.3316023293510236	0.00015008
3752	2.233428478240967	0.33184278182927684	0.00015012
3753	2.2583844661712646	0.3274847428073234	0.00015016
3754	2.2263676524162292	0.33298102521661965	0.00015020000000000002
3755	2.212847411632538	0.33335658482142855	0.00015024
3756	2.2173675894737244	0.33425616643094297	0.00015028
3757	2.2141236066818237	0.3320034933111032	0.00015032
3758	2.2330102920532227	0.3322004504953455	0.00015036000000000002
3759	2.201795816421509	0.33734844595395125	0.0001504
3760	2.2095348238945007	0.33593180751993773	0.00015044
3761	2.1839559674263	0.3377173182452022	0.00015048
3762	2.2163639068603516	0.3344258074737113	0.00015052000000000002
3763	2.190824270248413	0.3376112626695076	0.00015056000000000002
3764	2.1838690638542175	0.33981880587484037	0.0001506
3765	2.174008309841156	0.3417333629014374	0.00015064
3766	2.167331278324127	0.3412309422895366	0.00015068
3767	2.1699544191360474	0.3442469690791371	0.00015072000000000002
3768	2.1635658740997314	0.34241894469167194	0.00015076
3769	2.159905433654785	0.34603804434519064	0.0001508
3770	2.1469221115112305	0.3441714025464842	0.00015084
3771	2.1717172265052795	0.3430913817236553	0.00015088
3772	2.134626030921936	0.3465248750511268	0.00015092000000000003
3773	2.175603687763214	0.3381072844252336	0.00015096
3774	2.1369595527648926	0.3462145425489413	0.000151
3775	2.168036937713623	0.34178535248197367	0.00015104
3776	2.1445676684379578	0.34550301920953413	0.00015108
3777	2.1743600368499756	0.3423287053280537	0.00015112000000000003
3778	2.1549906730651855	0.3438656362536086	0.00015116
3779	2.1440751552581787	0.34406157772991947	0.00015120000000000002
3780	2.1552886366844177	0.3434612686641948	0.00015124
3781	2.1186764240264893	0.35081885609039776	0.00015128
3782	2.1091272234916687	0.3510538060996777	0.00015132
3783	2.097284197807312	0.3528968923151048	0.00015136000000000001
3784	2.117032527923584	0.34874879644243273	0.00015140000000000002
3785	2.1243723034858704	0.34649468196453315	0.00015144
3786	2.114145874977112	0.34991673397752315	0.00015148
3787	2.0996580123901367	0.3483667799941832	0.00015152
3788	2.0682520270347595	0.35808514489110543	0.00015156000000000002
3789	2.08882999420166	0.3517376709531541	0.0001516
3790	2.1000590324401855	0.3498471435257566	0.00015164
3791	2.1013622879981995	0.3491572307018766	0.00015168
3792	2.0934370160102844	0.3538401761429867	0.00015172000000000002
3793	2.081406056880951	0.35368548900923863	0.00015176000000000002
3794	2.0790416598320007	0.35522742701968774	0.0001518
3795	2.066722810268402	0.3580364291433146	0.00015184
3796	2.069375991821289	0.35230668100872475	0.00015188
3797	2.088847815990448	0.3525992196429275	0.00015192000000000002
3798	2.063065528869629	0.3580218573781127	0.00015196
3799	2.0811707377433777	0.35453241679442166	0.000152
3800	2.048125386238098	0.360387795039738	0.00015204000000000001
3801	2.0543479919433594	0.35689330825047033	0.00015208
3802	2.0451313853263855	0.35980522179773944	0.00015212000000000003
3803	2.0533705353736877	0.3572845580066656	0.00015216
3804	2.0608296990394592	0.3578944212956024	0.0001522
3805	2.024093806743622	0.3631073026830688	0.00015224
3806	2.046845257282257	0.3584133229992647	0.00015228
3807	2.0320932865142822	0.36245419786522226	0.00015232
3808	2.049684703350067	0.3589536541356382	0.00015236
3809	2.031903922557831	0.35693763731620753	0.00015240000000000002
3810	2.0527050495147705	0.35778941406754566	0.00015244
3811	2.0220949053764343	0.3637474784613397	0.00015248
3812	2.020300030708313	0.3633561915332171	0.00015251999999999998
3813	2.0313110947608948	0.3632095861354886	0.00015256000000000002
3814	2.018994480371475	0.36468173303041174	0.00015260000000000002
3815	2.0025509893894196	0.3658895779276075	0.00015264
3816	1.9863114953041077	0.3683686702657056	0.00015268
3817	2.03011691570282	0.3608541281192179	0.00015272
3818	1.998584359884262	0.36468096161147856	0.00015276000000000002
3819	2.0082293152809143	0.3644314283994945	0.0001528
3820	1.9954929053783417	0.3668836037549111	0.00015284
3821	1.993895173072815	0.3654807557170679	0.00015288
3822	1.9871768355369568	0.36554313884956374	0.00015292
3823	1.9920844733715057	0.3675333592047524	0.00015296000000000003
3824	1.9741108417510986	0.3703884364982977	0.000153
3825	1.9768410921096802	0.3691870642486321	0.00015304
3826	1.9820424914360046	0.36817497582518366	0.00015308
3827	1.9809763431549072	0.36883080634388987	0.00015312
3828	1.9725348055362701	0.3683894351108352	0.00015316
3829	1.9541226029396057	0.373111181803722	0.0001532
3830	1.970044195652008	0.3685931513169773	0.00015324000000000002
3831	1.9651404917240143	0.3703312935218401	0.00015328
3832	1.9738672971725464	0.3654647420074643	0.00015332
3833	1.9853450655937195	0.3656470917617414	0.00015336
3834	1.9407766461372375	0.3753466472477705	0.00015340000000000002
3835	1.956567108631134	0.37260541164528743	0.00015344
3836	1.9431006014347076	0.37357316499764903	0.00015348
3837	1.9335552752017975	0.374028646197487	0.00015352
3838	1.9543136656284332	0.37594773592256286	0.00015356000000000001
3839	1.9480499625205994	0.3730698392154911	0.00015360000000000002
3840	1.9715494811534882	0.3716552814485577	0.00015364
3841	1.9702296555042267	0.3673207721048572	0.00015368
3842	1.9554455280303955	0.37385470237039664	0.00015371999999999999
3843	1.949211448431015	0.3751536777714474	0.00015376000000000002
3844	1.9475681781768799	0.37493007831229025	0.0001538
3845	1.9502230286598206	0.3729269385925594	0.00015384
3846	1.9339476227760315	0.3776117036038536	0.00015388
3847	1.9438813030719757	0.37427557302424447	0.00015392
3848	1.926347017288208	0.3804532831676073	0.00015396000000000002
3849	1.9698543548583984	0.3709562904370956	0.000154
3850	1.9197302162647247	0.3825216770991369	0.00015404
3851	1.9415538311004639	0.3732983664317745	0.00015408000000000002
3852	1.9084395468235016	0.38116201586841025	0.00015412
3853	1.9152604341506958	0.3780583508001629	0.00015416000000000003
3854	1.9075800478458405	0.379617222966622	0.0001542
3855	1.9090368151664734	0.37834619887682813	0.00015424000000000001
3856	1.8940491080284119	0.38384850458393865	0.00015428
3857	1.8971096575260162	0.38685803768240257	0.00015432
3858	1.9126026034355164	0.37843610606105765	0.00015436
3859	1.9074447751045227	0.37890862060388997	0.0001544
3860	1.9014362394809723	0.38128287697261837	0.00015444000000000002
3861	1.9161223769187927	0.37955343155723886	0.00015448
3862	1.8885640501976013	0.3808649571292474	0.00015452
3863	1.8805631697177887	0.38579205605151323	0.00015456
3864	1.9059264659881592	0.37819356253551173	0.00015460000000000002
3865	1.8909276127815247	0.3853706774277324	0.00015464
3866	1.8903824388980865	0.38572707380147203	0.00015468
3867	1.8891833126544952	0.38191115372323425	0.00015472
3868	1.8842902779579163	0.3822255192878338	0.00015476000000000002
3869	1.875303864479065	0.3893129770992366	0.00015480000000000002
3870	1.875913918018341	0.38811837500125357	0.00015484
3871	1.8657074272632599	0.39163766530774585	0.00015488
3872	1.8816435039043427	0.38296124916118307	0.00015492
3873	1.8499540388584137	0.39322159255594535	0.00015496000000000002
3874	1.8852706253528595	0.38371152751849374	0.000155
3875	1.8640635311603546	0.3884220261951409	0.00015504
3876	1.8739900588989258	0.38642229475269896	0.00015508
3877	1.8665220737457275	0.3845251352211263	0.00015512
3878	1.88313227891922	0.3821349331900626	0.00015516000000000003
3879	1.8524437546730042	0.39027256341057787	0.0001552
3880	1.8631698191165924	0.3871759213271084	0.00015524
3881	1.8622190952301025	0.3879337949805868	0.00015528
3882	1.8476353883743286	0.39382039270407654	0.00015532
3883	1.8513338267803192	0.3908707977321728	0.00015536
3884	1.8493700921535492	0.3893247894616766	0.0001554
3885	1.8361364305019379	0.3959939909864797	0.00015544000000000002
3886	1.8523221611976624	0.38720504984720205	0.00015548
3887	1.8254679143428802	0.3978001648870926	0.00015552
3888	1.8377412557601929	0.3941566642468601	0.00015556
3889	1.8412559628486633	0.39248775719856777	0.00015560000000000001
3890	1.8423324525356293	0.3920769093398417	0.00015564000000000002
3891	1.835688829421997	0.39681633878960804	0.00015568
3892	1.8464457094669342	0.3932488946112924	0.00015572
3893	1.8401452600955963	0.3906604778266723	0.00015576
3894	1.8412078619003296	0.38990982306039246	0.00015580000000000002
3895	1.8491842150688171	0.3893576700578496	0.00015584
3896	1.8287270069122314	0.39577870739176557	0.00015588
3897	1.8620239198207855	0.3848587999241343	0.00015592
3898	1.834983229637146	0.39478714507586316	0.00015596000000000002
3899	1.8357581496238708	0.396908347461853	0.00015600000000000002
3900	1.8507546782493591	0.38706276666633516	0.00015604
3901	1.8284033238887787	0.39757785121656564	0.00015608
3902	1.8272472620010376	0.3959103153383203	0.00015612
3903	1.8193148374557495	0.39971444718760224	0.00015616000000000002
3904	1.8177385330200195	0.39962704799513366	0.0001562
3905	1.8118203282356262	0.3965806503155708	0.00015624
3906	1.819198340177536	0.39684451522994224	0.00015628000000000001
3907	1.816860020160675	0.3951671711268942	0.00015632
3908	1.8185307681560516	0.3986559917046372	0.00015636000000000003
3909	1.8160975575447083	0.4000019899111505	0.0001564
3910	1.8059988617897034	0.39946410182065406	0.00015644
3911	1.8053669333457947	0.3971293293811049	0.00015648
3912	1.8027306199073792	0.3990072699924793	0.00015652
3913	1.8069154024124146	0.40212210056044195	0.00015656
3914	1.8061182796955109	0.39815452142251484	0.0001566
3915	1.7874710857868195	0.40553059520496204	0.00015664000000000002
3916	1.8206996321678162	0.39617821683380733	0.00015668
3917	1.7853868901729584	0.4037920994569762	0.00015672
3918	1.7990887463092804	0.3996792445312189	0.00015676
3919	1.8033986389636993	0.4009091817364372	0.00015680000000000002
3920	1.8168943226337433	0.3948060256499965	0.00015684
3921	1.784606248140335	0.4061065954830389	0.00015688
3922	1.809508502483368	0.403880492792658	0.00015692
3923	1.785507321357727	0.4065863710935937	0.00015696000000000002
3924	1.7774471044540405	0.4057563427477262	0.00015700000000000002
3925	1.7862361371517181	0.40715651736285857	0.00015704
3926	1.7944397330284119	0.4020519781228792	0.00015708
3927	1.8034067451953888	0.40099217439910567	0.00015712000000000001
3928	1.781395584344864	0.40615148250129696	0.00015716000000000002
3929	1.7790464162826538	0.40514796916809775	0.00015720000000000003
3930	1.7756220698356628	0.4058560349970173	0.00015724
3931	1.7743710279464722	0.4099673479984423	0.00015728
3932	1.7987657487392426	0.4009079570965328	0.00015732
3933	1.7812699675559998	0.40673580306118373	0.00015736000000000002
3934	1.7703333795070648	0.4102448865452221	0.0001574
3935	1.792694091796875	0.4020336605890603	0.00015744
3936	1.780245453119278	0.4056074023276385	0.00015748000000000002
3937	1.78404039144516	0.403644683498575	0.00015752
3938	1.7840835750102997	0.40849393999602623	0.00015756
3939	1.7719139158725739	0.4097388722249531	0.0001576
3940	1.7771978676319122	0.40912756488754815	0.00015764000000000002
3941	1.79613196849823	0.40114268680445153	0.00015768
3942	1.7879213094711304	0.40186642748445484	0.00015772
3943	1.770576536655426	0.4104221490679501	0.00015776
3944	1.7785733342170715	0.40814602833919594	0.00015780000000000001
3945	1.7785978019237518	0.4069419868238211	0.00015784000000000002
3946	1.7823248207569122	0.4086769365670898	0.00015788
3947	1.7895931601524353	0.4036650623299752	0.00015792
3948	1.7807146608829498	0.40847022943092814	0.00015795999999999999
3949	1.7708607614040375	0.40772991292351063	0.00015800000000000002
3950	1.7769815921783447	0.4099627514278619	0.00015804
3951	1.7641812562942505	0.406400675024108	0.00015808
3952	1.7632969915866852	0.41347867204220795	0.00015812
3953	1.777889221906662	0.40603919370658764	0.00015816
3954	1.7726962566375732	0.4083718981887816	0.00015820000000000002
3955	1.7672083675861359	0.40914785721388086	0.00015824
3956	1.7759522795677185	0.40309007034713257	0.00015828
3957	1.7604864835739136	0.4082369291992041	0.00015832
3958	1.7719524204730988	0.40811284666879183	0.00015836
3959	1.7599397599697113	0.4085005195428023	0.00015840000000000003
3960	1.7545208632946014	0.4113848122525693	0.00015844
3961	1.752428114414215	0.41250411188309294	0.00015848000000000001
3962	1.7573179304599762	0.41421124773634554	0.00015852
3963	1.7580618262290955	0.4144982716296779	0.00015856
3964	1.7611775398254395	0.4079864608937422	0.0001586
3965	1.7574489116668701	0.4124621972033416	0.00015864
3966	1.7549222111701965	0.41143995559608293	0.00015868000000000002
3967	1.7557926774024963	0.4115712557851281	0.00015872
3968	1.760126680135727	0.4112691466083151	0.00015876
3969	1.7622927129268646	0.41004677567664816	0.0001588
3970	1.7559828460216522	0.413386452599996	0.00015884000000000002
3971	1.7482626140117645	0.41488744952221024	0.00015888
3972	1.748255878686905	0.4166550578120958	0.00015892
3973	1.747776836156845	0.4134607718067294	0.00015896
3974	1.7503243386745453	0.41422639968934516	0.00015900000000000002
3975	1.7299818992614746	0.4165857564686452	0.00015904000000000002
3976	1.756009429693222	0.4140949377195784	0.00015908
3977	1.7524320185184479	0.41129481516851696	0.00015912
3978	1.747028797864914	0.4154292320264695	0.00015916
3979	1.7356849610805511	0.4156858070860276	0.00015920000000000002
3980	1.741436779499054	0.4151073321158049	0.00015924
3981	1.734897792339325	0.41789275503800294	0.00015928
3982	1.7342325448989868	0.4193474310589269	0.00015932
3983	1.7324227392673492	0.41955899140814323	0.00015936
3984	1.7289535403251648	0.4195398244358667	0.00015940000000000003
3985	1.7462679743766785	0.4161569122696239	0.00015944
3986	1.7439166605472565	0.41415235955502977	0.00015948
3987	1.7391143441200256	0.4140849873130811	0.00015952
3988	1.743283897638321	0.4149596960620741	0.00015956
3989	1.7467953860759735	0.41445383524146334	0.0001596
3990	1.7222727239131927	0.42053885593646323	0.00015964
3991	1.74552783370018	0.4149021869934062	0.00015968000000000002
3992	1.7343862354755402	0.4225491849632415	0.00015972
3993	1.7245236039161682	0.41966899683336323	0.00015976
3994	1.7273545265197754	0.4194922031187525	0.0001598
3995	1.7392432391643524	0.4150694836517794	0.00015984000000000001
3996	1.7244007289409637	0.4188873537626607	0.00015988000000000002
3997	1.7309452295303345	0.4186122627100153	0.00015992
3998	1.7350976169109344	0.4159161863592699	0.00015996
3999	1.732432782649994	0.41804462995665437	0.00016
4000	1.7310523986816406	0.41981475388588124	0.00016004000000000002
4001	1.7290222346782684	0.4201202277160715	0.00016008
4002	1.7211802005767822	0.42325977933801406	0.00016012
4003	1.7203455567359924	0.4221229811052479	0.00016016
4004	1.732565462589264	0.4178082191780822	0.00016020000000000002
4005	1.7347718477249146	0.41801675277122935	0.00016024000000000002
4006	1.7343422770500183	0.4190436615119765	0.00016028
4007	1.735471397638321	0.4169326373353219	0.00016032
4008	1.7278640866279602	0.4216267395185072	0.00016036
4009	1.7210619151592255	0.4210111922820096	0.00016040000000000002
4010	1.7251267433166504	0.4177923658638785	0.00016044
4011	1.7221341729164124	0.42133819152007485	0.00016048
4012	1.716864138841629	0.4231229434639545	0.00016052000000000001
4013	1.7219260931015015	0.4207001187826278	0.00016056
4014	1.7161715626716614	0.42217601247663133	0.00016060000000000003
4015	1.7149168848991394	0.4235759162824968	0.00016064
4016	1.7234757840633392	0.42169484722291906	0.00016068
4017	1.7094511985778809	0.42393351469313323	0.00016072
4018	1.7027128338813782	0.42455304410498707	0.00016076
4019	1.712754637002945	0.4250238587561635	0.0001608
4020	1.717443734407425	0.42198606237138514	0.00016084
4021	1.7249353528022766	0.41702050953372855	0.00016088000000000002
4022	1.7212790548801422	0.42280282671444214	0.00016092
4023	1.7180022299289703	0.4210777395694607	0.00016096
4024	1.697458654642105	0.42828082411415747	0.000161
4025	1.7078897655010223	0.42477990807485616	0.00016104000000000002
4026	1.717864841222763	0.42246909873392385	0.00016108
4027	1.7256507277488708	0.4190761548064919	0.00016112
4028	1.7258350253105164	0.417206648474324	0.00016116
4029	1.7238531112670898	0.4190014725196004	0.00016120000000000002
4030	1.7150682210922241	0.42256392914333457	0.00016124000000000002
4031	1.7054232954978943	0.42575994546037854	0.00016128
4032	1.6930127143859863	0.42952085323145495	0.00016132
4033	1.7114647328853607	0.4267931944968335	0.00016136
4034	1.7115592062473297	0.4229036146959426	0.00016140000000000002
4035	1.7044314742088318	0.42343443983815005	0.00016144000000000003
4036	1.6946930885314941	0.42938942800313423	0.00016148
4037	1.7039439380168915	0.4240953486510287	0.00016152
4038	1.710972547531128	0.42249918524151414	0.00016156
4039	1.712683379650116	0.4241174463644209	0.00016160000000000002
4040	1.7014378011226654	0.4253169869008723	0.00016164
4041	1.69844189286232	0.42993149657482876	0.00016168
4042	1.7095738351345062	0.42197578024219756	0.00016172000000000002
4043	1.7061733901500702	0.4263415407166769	0.00016176
4044	1.6976595222949982	0.4279431765161367	0.00016180000000000003
4045	1.702742338180542	0.4253450564365625	0.00016184
4046	1.701644390821457	0.4285259946132363	0.00016188000000000002
4047	1.6944052278995514	0.4300697906281157	0.00016192
4048	1.7040860056877136	0.42468758175195703	0.00016196
4049	1.7056589126586914	0.42479200335188844	0.000162
4050	1.6784874498844147	0.4321700393535628	0.00016204000000000001
4051	1.6865399479866028	0.4275297723380174	0.00016208000000000002
4052	1.690115749835968	0.4325371013419528	0.00016212
4053	1.7007161676883698	0.42820753319840055	0.00016216
4054	1.6926147639751434	0.4290923180860788	0.0001622
4055	1.7060986161231995	0.42484977981080785	0.00016224000000000002
4056	1.693793773651123	0.4266828125938232	0.00016228
4057	1.7021197378635406	0.42457308793942455	0.00016232
4058	1.6937687695026398	0.4296106374098146	0.00016236
4059	1.7110691666603088	0.4233426927136229	0.00016240000000000002
4060	1.6981781423091888	0.42604285785312984	0.00016244000000000002
4061	1.7025904655456543	0.4245801193710218	0.00016248
4062	1.6813904643058777	0.430592546608727	0.00016252
4063	1.6995598673820496	0.4282725971595288	0.00016256
4064	1.7125701904296875	0.42364487843762455	0.0001626
4065	1.6790407598018646	0.4313600636752562	0.00016264
4066	1.6971584558486938	0.4262077631946384	0.00016268
4067	1.6978964507579803	0.42562271208021646	0.00016272000000000001
4068	1.703549474477768	0.4253825005976572	0.00016276
4069	1.6853212118148804	0.43114297092791715	0.0001628
4070	1.6922069489955902	0.4262825357477554	0.00016284
4071	1.694393515586853	0.4277362392618517	0.00016288
4072	1.6844927072525024	0.43026108462811896	0.00016292000000000002
4073	1.6950983703136444	0.4262747355258718	0.00016296
4074	1.6877523064613342	0.42748515401163883	0.000163
4075	1.6831958293914795	0.43397056031338377	0.00016304
4076	1.6840249001979828	0.4280266349868722	0.00016308000000000002
4077	1.6954171061515808	0.4291471189702875	0.00016312
4078	1.6785855889320374	0.4347808851802668	0.00016316
4079	1.6848987340927124	0.4287938675290454	0.0001632
4080	1.677351325750351	0.43323749166774445	0.00016324000000000002
4081	1.6891160905361176	0.4286125560894254	0.00016328000000000002
4082	1.7000259459018707	0.4271458071910601	0.00016332
4083	1.6800265610218048	0.43264170650383643	0.00016336
4084	1.6762118339538574	0.4322479879826106	0.0001634
4085	1.690694808959961	0.42706804453097696	0.00016344000000000002
4086	1.687270313501358	0.42733699921445406	0.00016348
4087	1.6631710529327393	0.4374774702607442	0.00016352
4088	1.682674080133438	0.42973289178845503	0.00016356
4089	1.6829785704612732	0.4294764487124227	0.0001636
4090	1.6813895106315613	0.42998057091615605	0.00016364000000000003
4091	1.6751155853271484	0.4292242910455208	0.00016368
4092	1.6955807209014893	0.4245268092007674	0.00016372
4093	1.6724098026752472	0.43382492058592154	0.00016376
4094	1.6810366213321686	0.4346751447621515	0.0001638
4095	1.686885803937912	0.42761739130434784	0.00016384
4096	1.6740297079086304	0.4338378152181494	0.00016388
4097	1.6815454959869385	0.4291518132754466	0.00016392000000000002
4098	1.6888949573040009	0.42801323113513945	0.00016396
4099	1.6771218180656433	0.4304844269971903	0.000164
4100	1.6751132011413574	0.43287777744549777	0.00016404
4101	1.6666763424873352	0.4354654907595501	0.00016408000000000001
4102	1.6867492496967316	0.4299462891599944	0.00016412
4103	1.6891725361347198	0.42976039598032073	0.00016416
4104	1.683301568031311	0.4299037514059063	0.0001642
4105	1.673906296491623	0.4362462531703943	0.00016424
4106	1.661721110343933	0.43429934880946464	0.00016428000000000002
4107	1.6750276684761047	0.43449452467862243	0.00016432
4108	1.6683225333690643	0.43372032921156217	0.00016436
4109	1.6947714686393738	0.42597087378640774	0.0001644
4110	1.6873961389064789	0.42782439376907017	0.00016444000000000002
4111	1.6656289398670197	0.436521877994251	0.00016448000000000002
4112	1.6768469214439392	0.43241010738348545	0.00016452
4113	1.6759808659553528	0.43048027102431247	0.00016456
4114	1.6664328873157501	0.4333366573593937	0.0001646
4115	1.6797164380550385	0.4309103274458424	0.00016464000000000002
4116	1.6662321090698242	0.4344853021800022	0.00016468
4117	1.6641730070114136	0.437452265144511	0.00016472
4118	1.6853874623775482	0.42836438717874903	0.00016476000000000001
4119	1.6777603030204773	0.4317081878768645	0.0001648
4120	1.6608299911022186	0.43677058353317344	0.00016484000000000003
4121	1.6597445607185364	0.435948361469712	0.00016488
4122	1.670194149017334	0.43526277597192814	0.00016492
4123	1.6681430041790009	0.43679891515689345	0.00016496
4124	1.6828277707099915	0.4270084651014215	0.000165
4125	1.6670354008674622	0.4350699262305719	0.00016504
4126	1.644976943731308	0.4429980393913156	0.00016508
4127	1.6546137034893036	0.4386449084073274	0.00016512000000000002
4128	1.6568107306957245	0.437692430724939	0.00016516
4129	1.6615314781665802	0.43599206072151686	0.0001652
4130	1.6593530774116516	0.4379415838722857	0.00016524
4131	1.668018639087677	0.43599569386969017	0.00016528000000000002
4132	1.6530954837799072	0.4379359416339293	0.00016532
4133	1.676787108182907	0.43125970767453903	0.00016536
4134	1.6740760505199432	0.4331738563911794	0.0001654
4135	1.6741861402988434	0.433251032097482	0.00016544000000000002
4136	1.6714972257614136	0.4281207435301658	0.00016548000000000002
4137	1.678825557231903	0.42900942691898025	0.00016552
4138	1.6793160736560822	0.43188245298317085	0.00016556
4139	1.6675552427768707	0.4331558769194096	0.0001656
4140	1.6613151729106903	0.43358679339669837	0.00016564000000000002
4141	1.6406983137130737	0.4397983778215604	0.00016568000000000003
4142	1.6626148223876953	0.43581887633296196	0.00016572
4143	1.6582220196723938	0.43564996766330033	0.00016576
4144	1.6668342053890228	0.4323289910396587	0.0001658
4145	1.666572779417038	0.43453193298918097	0.00016584000000000002
4146	1.6600982248783112	0.43670490714207805	0.00016588
4147	1.67094486951828	0.4337734579143242	0.00016592
4148	1.6655097007751465	0.4362202366095942	0.00016596000000000002
4149	1.6626256704330444	0.4315287102164147	0.000166
4150	1.661612331867218	0.4339184202652837	0.00016604000000000003
4151	1.667446345090866	0.43608784332363015	0.00016608
4152	1.655894935131073	0.43978022414752405	0.00016612000000000002
4153	1.649792492389679	0.4408132454330431	0.00016616
4154	1.6529748439788818	0.4371746249788475	0.0001662
4155	1.6470260918140411	0.4370619932618193	0.00016624
4156	1.662631094455719	0.43517946469497976	0.00016628000000000001
4157	1.658112794160843	0.4357389619985223	0.00016632000000000002
4158	1.6829902529716492	0.4311922054212803	0.00016636
4159	1.673230230808258	0.42913323270040515	0.0001664
4160	1.6519303023815155	0.4368874872757031	0.00016644
4161	1.657600313425064	0.4396061225307529	0.00016648000000000002
4162	1.6521136462688446	0.43918222539342766	0.00016652
4163	1.6475110948085785	0.4375357332718136	0.00016656
4164	1.643396645784378	0.4431921323771432	0.0001666
4165	1.653617113828659	0.4359349186483104	0.00016664000000000002
4166	1.6427254676818848	0.43828505447060595	0.00016668000000000002
4167	1.6488174796104431	0.43912810752943976	0.00016672
4168	1.6439336240291595	0.4404056551930859	0.00016676
4169	1.6464097499847412	0.442475761979654	0.0001668
4170	1.657173752784729	0.4368190632309138	0.00016684000000000002
4171	1.6492469012737274	0.4386659979939819	0.00016688
4172	1.6421369910240173	0.4423309389891805	0.00016692
4173	1.6563788056373596	0.43332506572746665	0.00016696000000000001
4174	1.65484219789505	0.4332630522088353	0.000167
4175	1.644111454486847	0.4418579180564544	0.00016704000000000003
4176	1.6418419182300568	0.4393279216903426	0.00016708
4177	1.6263393759727478	0.4435603479376278	0.00016712
4178	1.6529541611671448	0.4396671980868872	0.00016716
4179	1.651593029499054	0.4373521048340591	0.0001672
4180	1.6501767933368683	0.43883877121169973	0.00016724000000000003
4181	1.6538903713226318	0.43410536779324055	0.00016728
4182	1.6502169370651245	0.43578710972434764	0.00016732000000000002
4183	1.658614158630371	0.43792958759590794	0.00016736
4184	1.6469579935073853	0.4376586531282664	0.0001674
4185	1.6434006690979004	0.4402811936791166	0.00016744
4186	1.6629739701747894	0.4335503105590062	0.00016748000000000002
4187	1.634521633386612	0.4407720144752714	0.00016752000000000002
4188	1.6635998785495758	0.43486971960206705	0.00016756
4189	1.654037982225418	0.4374395897031265	0.0001676
4190	1.640293926000595	0.43971029425134095	0.00016764
4191	1.6291115880012512	0.44219502929238397	0.00016768000000000002
4192	1.6467635333538055	0.4396977884519163	0.00016772
4193	1.6466600894927979	0.44146707927442064	0.00016776
4194	1.6604738235473633	0.4331232353759892	0.0001678
4195	1.6556942164897919	0.43464694905391577	0.00016784
4196	1.664927452802658	0.4315980090444007	0.00016788000000000003
4197	1.646620124578476	0.4396653760507152	0.00016792
4198	1.647553414106369	0.43963610524524865	0.00016796
4199	1.6351390779018402	0.44177805284646177	0.000168
4200	1.65634286403656	0.43667716299295245	0.00016804
4201	1.643957644701004	0.4396603702715259	0.00016808
4202	1.6403684616088867	0.44273108031477265	0.00016812
4203	1.6370194852352142	0.44159225453897477	0.00016816000000000002
4204	1.6487985253334045	0.4391510611735331	0.0001682
4205	1.6346276998519897	0.44424937655860347	0.00016824
4206	1.6518199145793915	0.4359304379059535	0.00016828
4207	1.6358222663402557	0.44277980487031016	0.00016832000000000001
4208	1.6254984736442566	0.44466133513928036	0.00016836
4209	1.6372106969356537	0.440116864598602	0.0001684
4210	1.6359663307666779	0.44232140883839144	0.00016844
4211	1.6449629664421082	0.43650738332553346	0.00016848
4212	1.6388337314128876	0.44232874803416083	0.00016852000000000002
4213	1.644731879234314	0.4386444979824118	0.00016856
4214	1.6564157605171204	0.4373320642097227	0.0001686
4215	1.6371199190616608	0.4406124513073172	0.00016863999999999998
4216	1.666185736656189	0.4327633669130053	0.00016868000000000002
4217	1.6307430267333984	0.4444133966707916	0.00016872000000000002
4218	1.6601650416851044	0.4311146512669886	0.00016876
4219	1.6299248337745667	0.4410892774873305	0.0001688
4220	1.646105021238327	0.4371360836400067	0.00016884
4221	1.6257176995277405	0.44537406941126323	0.00016888000000000002
4222	1.6421590447425842	0.4431347562918127	0.00016892
4223	1.6342032849788666	0.44107505879539205	0.00016896
4224	1.6627775132656097	0.4363705156671612	0.00016900000000000002
4225	1.6566287279129028	0.43644885854745935	0.00016904
4226	1.6342251002788544	0.4396248300135989	0.00016908000000000003
4227	1.6420075595378876	0.4382220987017112	0.00016912
4228	1.6382523775100708	0.4395875341891433	0.00016916
4229	1.6396284699440002	0.44152592252671063	0.0001692
4230	1.6397799253463745	0.4409829973988933	0.00016924
4231	1.638512372970581	0.44134561808485234	0.00016928
4232	1.6444885432720184	0.4373775146982362	0.00016932
4233	1.636091411113739	0.44003406301658066	0.00016936000000000002
4234	1.6454455256462097	0.44041580625112775	0.0001694
4235	1.6545687317848206	0.43677761103546975	0.00016944
4236	1.6265574395656586	0.44581554651047356	0.00016948
4237	1.6428948044776917	0.4409210605664663	0.00016952000000000002
4238	1.637442171573639	0.4397572955793123	0.00016956
4239	1.6437738537788391	0.4375651511506696	0.0001696
4240	1.6198833286762238	0.44434568098514887	0.00016964
4241	1.6302397847175598	0.4450110419594459	0.00016968000000000002
4242	1.6382281184196472	0.44114114114114117	0.00016972000000000002
4243	1.6383237540721893	0.4378332331128483	0.00016976
4244	1.6194474399089813	0.4452155224360262	0.0001698
4245	1.6487071514129639	0.43811945358460463	0.00016984
4246	1.6436253488063812	0.43958540960733505	0.00016988000000000002
4247	1.6405621767044067	0.4378036008179143	0.00016992
4248	1.6322534382343292	0.44187487507495504	0.00016996
4249	1.6450872421264648	0.4379481467484809	0.00017
4250	1.6442204713821411	0.44031682617294254	0.00017004
4251	1.6370394229888916	0.43984655241131926	0.00017008000000000002
4252	1.6373845934867859	0.43984361821411205	0.00017012
4253	1.6303966343402863	0.4411120905678318	0.00017016
4254	1.6339289546012878	0.44143767006548457	0.00017020000000000002
4255	1.624622106552124	0.44494767610059754	0.00017024
4256	1.6285416781902313	0.44360237209769826	0.00017028000000000003
4257	1.638951689004898	0.4387244286419355	0.00017032
4258	1.6257890462875366	0.4438139842084722	0.00017036000000000002
4259	1.6327280104160309	0.4395364594750792	0.0001704
4260	1.6344521343708038	0.4416338316239059	0.00017044
4261	1.6319215893745422	0.44033578257878625	0.00017048
4262	1.6521606147289276	0.4354038875169282	0.00017052000000000001
4263	1.626963883638382	0.44493361145653654	0.00017056000000000002
4264	1.6256451606750488	0.4445522179112836	0.0001706
4265	1.6454517841339111	0.4388012649767057	0.00017064
4266	1.6288600862026215	0.4428807698090513	0.00017068
4267	1.6375231742858887	0.4406059339324993	0.00017072000000000002
4268	1.6249043345451355	0.4404686005737966	0.00017076
4269	1.643704742193222	0.43940961171228515	0.0001708
4270	1.6373535096645355	0.4399410023618987	0.00017084
4271	1.641143947839737	0.4396328941033124	0.00017088000000000002
4272	1.6360681056976318	0.43690075404091117	0.00017092000000000002
4273	1.6362217664718628	0.4392168584665969	0.00017096
4274	1.6413544416427612	0.4388325481114749	0.000171
4275	1.6222094595432281	0.44519604908709964	0.00017104
4276	1.6229739785194397	0.44440446203670386	0.00017108000000000002
4277	1.6264365017414093	0.44553762473253744	0.00017112
4278	1.6360661387443542	0.44156258092790696	0.00017116
4279	1.615684300661087	0.44675626647423755	0.00017120000000000001
4280	1.620996356010437	0.4432759591409957	0.00017124
4281	1.6290767788887024	0.4400527931368922	0.00017128000000000003
4282	1.6359058022499084	0.4401005194830994	0.00017132
4283	1.6358574330806732	0.4410424494364058	0.00017136
4284	1.6285320520401	0.4453637943878818	0.0001714
4285	1.6187938153743744	0.44523448110569624	0.00017144
4286	1.6168332993984222	0.44472464490406177	0.00017148000000000003
4287	1.6153979301452637	0.4457919064620862	0.00017152
4288	1.6507503986358643	0.43378451434635484	0.00017156000000000002
4289	1.6253684163093567	0.44076741024220756	0.0001716
4290	1.6280668675899506	0.4426290012069705	0.00017164
4291	1.6246281862258911	0.44299641461547756	0.00017168
4292	1.6329092681407928	0.43871122099050963	0.00017172000000000002
4293	1.629133552312851	0.4420935192133012	0.00017176000000000002
4294	1.629775494337082	0.4438081890079087	0.0001718
4295	1.6316461861133575	0.4401049490276192	0.00017184
4296	1.6348206996917725	0.44212514288554244	0.00017188000000000001
4297	1.6199458539485931	0.44525933465046197	0.00017192000000000002
4298	1.6270657181739807	0.4431798980190245	0.00017196
4299	1.62784743309021	0.4428994437997679	0.000172
4300	1.61729234457016	0.44665328111643443	0.00017204
4301	1.6167342364788055	0.4458015113956826	0.00017208000000000002
4302	1.6367584764957428	0.43810661340345874	0.00017212000000000003
4303	1.6379233598709106	0.440139299113914	0.00017216
4304	1.6430663466453552	0.4376384350261723	0.0001722
4305	1.624595582485199	0.44176900232763466	0.00017224
4306	1.6171819567680359	0.4465752336309376	0.00017228000000000002
4307	1.6214196383953094	0.444993732765104	0.00017232
4308	1.6245544850826263	0.4433153318626032	0.00017236
4309	1.6178191602230072	0.44500598086124404	0.00017240000000000002
4310	1.6264499723911285	0.44287956178843096	0.00017244
4311	1.6167155504226685	0.4475059572678668	0.00017248000000000003
4312	1.6281036734580994	0.4454153698826909	0.00017252
4313	1.6174272298812866	0.44501426775487396	0.00017256000000000001
4314	1.631419837474823	0.44347618953093676	0.0001726
4315	1.6269903182983398	0.4430374694407025	0.00017264
4316	1.6258625388145447	0.4437295528898582	0.00017268
4317	1.6183814406394958	0.4449789054905851	0.00017272
4318	1.627735197544098	0.4396082482418849	0.00017276000000000002
4319	1.6250008642673492	0.44263540323628475	0.0001728
4320	1.6308548152446747	0.4419499935173088	0.00017284
4321	1.6304646134376526	0.4422555360176437	0.00017287999999999998
4322	1.6220857799053192	0.44537153338517055	0.00017292000000000002
4323	1.6140369474887848	0.44381707512413904	0.00017296
4324	1.614691138267517	0.4470424607693936	0.000173
4325	1.6223727464675903	0.44244919935389954	0.00017304
4326	1.6253612637519836	0.4428715773467122	0.00017308
4327	1.6159178614616394	0.44632796629674476	0.00017312000000000002
4328	1.6210123300552368	0.4401966084049092	0.00017316
4329	1.6212351620197296	0.4451380911951256	0.0001732
4330	1.6144615411758423	0.443783313499405	0.00017324000000000002
4331	1.6172803044319153	0.44455308237970287	0.00017328
4332	1.6301621794700623	0.44292383513440564	0.00017332000000000003
4333	1.6238454580307007	0.4419864784251342	0.00017336
4334	1.619330257177353	0.446182235299985	0.0001734
4335	1.616661697626114	0.4450751118153192	0.00017344
4336	1.6260213255882263	0.43875760295144084	0.00017348
4337	1.6194952130317688	0.4449332615071527	0.00017352
4338	1.6249414086341858	0.44157469677252725	0.00017356
4339	1.6239373981952667	0.44319900632068193	0.00017360000000000002
4340	1.6224523186683655	0.4433730078676619	0.00017364
4341	1.6108287274837494	0.44822336540662094	0.00017368
4342	1.613455355167389	0.44851504883396454	0.00017372
4343	1.6173835098743439	0.44429958998447516	0.00017376000000000002
4344	1.626661479473114	0.44573013671488015	0.0001738
4345	1.623532086610794	0.4457129123355164	0.00017384
4346	1.6231227219104767	0.4432567682530151	0.00017388
4347	1.615275263786316	0.44765030583320903	0.00017392000000000002
4348	1.6196455657482147	0.4439873919594005	0.00017396000000000002
4349	1.6127941012382507	0.4438797245752217	0.000174
4350	1.635903537273407	0.43868027779436053	0.00017404
4351	1.620022714138031	0.445448103085169	0.00017408
4352	1.6278049051761627	0.44193359005741467	0.00017412000000000002
4353	1.6158098876476288	0.4467390327444852	0.00017416
4354	1.6046076118946075	0.4470187121793658	0.0001742
4355	1.6146100461483002	0.44820669420992754	0.00017424
4356	1.6201172173023224	0.44411657706455393	0.00017428
4357	1.6099653542041779	0.44812196729167914	0.00017432000000000003
4358	1.6154417097568512	0.44258332584224774	0.00017436
4359	1.617139220237732	0.4451444146041952	0.0001744
4360	1.6124457716941833	0.44656446564465646	0.00017444
4361	1.6204063594341278	0.4453656060590981	0.00017448
4362	1.6349593102931976	0.44164330536628194	0.00017452000000000003
4363	1.6263765394687653	0.44098596617488306	0.00017456
4364	1.612988144159317	0.44770108625048716	0.00017460000000000002
4365	1.618287354707718	0.44335186402853327	0.00017464
4366	1.6259716749191284	0.44271201281579287	0.00017468
4367	1.6301975846290588	0.44110624751293276	0.00017472
4368	1.6180075407028198	0.44426164124040285	0.00017476000000000001
4369	1.5915160775184631	0.45553138843436963	0.00017480000000000002
4370	1.6131100952625275	0.44575985980703553	0.00017484
4371	1.621590107679367	0.44377624190926407	0.00017488
4372	1.625152587890625	0.44117181157554997	0.00017492
4373	1.6208924651145935	0.44787033697960493	0.00017496000000000002
4374	1.6118538975715637	0.4461150625731521	0.000175
4375	1.6246497929096222	0.44267971697641134	0.00017504
4376	1.617891937494278	0.44523509277607637	0.00017508
4377	1.5982964634895325	0.45088267505300067	0.00017512000000000002
4378	1.616368681192398	0.4424862249967382	0.00017516000000000002
4379	1.6044590771198273	0.4502139885673241	0.0001752
4380	1.6247687935829163	0.4406466420913526	0.00017524
4381	1.6314295530319214	0.44034515018212944	0.00017528
4382	1.6196796894073486	0.4425178218117102	0.00017532000000000002
4383	1.6242639124393463	0.4448853439680957	0.00017536
4384	1.6057602167129517	0.4492891469763716	0.0001754
4385	1.6131114661693573	0.4442324876256262	0.00017544000000000001
4386	1.6394877433776855	0.44075335325595943	0.00017548
4387	1.6122822761535645	0.44513004377711307	0.00017552000000000003
4388	1.6152202188968658	0.44406365239698575	0.00017556
4389	1.5948880016803741	0.4497635344122284	0.0001756
4390	1.628242164850235	0.44208716735894427	0.00017564
4391	1.6146247386932373	0.4431517083374838	0.00017568
4392	1.619689702987671	0.4451538883623485	0.00017572
4393	1.605646401643753	0.44620837851950035	0.00017576
4394	1.6064367294311523	0.4481174014245612	0.00017580000000000002
4395	1.612512618303299	0.4471618085010378	0.00017584
4396	1.6305258572101593	0.4397834912043302	0.00017588
4397	1.607356697320938	0.44916409413462693	0.00017592
4398	1.6189371347427368	0.44266507319988047	0.00017596000000000002
4399	1.6102961897850037	0.4459256874364882	0.00017600000000000002
4400	1.620002955198288	0.44757644585064915	0.00017604
4401	1.620599091053009	0.4448428706608895	0.00017608
4402	1.6055277585983276	0.44712146091456434	0.00017612000000000001
4403	1.6168272793293	0.44676975429114746	0.00017616000000000002
4404	1.6137185096740723	0.44550849068876147	0.0001762
4405	1.6233223676681519	0.4422006614774328	0.00017624
4406	1.6041150093078613	0.4496268283410369	0.00017628
4407	1.6132883727550507	0.4440356177769801	0.00017632000000000002
4408	1.613436609506607	0.44334572713045384	0.00017636000000000003
4409	1.6198703944683075	0.4442836757706086	0.0001764
4410	1.6100048124790192	0.4483713371387298	0.00017644
4411	1.6143130958080292	0.4487365842974055	0.00017648
4412	1.6136024296283722	0.4446700711729462	0.00017652000000000002
4413	1.6177055835723877	0.44455676438501496	0.00017656
4414	1.6001947820186615	0.4490933066299164	0.0001766
4415	1.6140855848789215	0.4444179294435827	0.00017664000000000002
4416	1.6168593168258667	0.44383398029262466	0.00017668
4417	1.61260125041008	0.4437074829931973	0.00017672000000000003
4418	1.5976606905460358	0.4479110417791644	0.00017676
4419	1.6189599633216858	0.4440855914408559	0.00017680000000000001
4420	1.6203996539115906	0.4417368010715071	0.00017684
4421	1.612719088792801	0.4450464473513535	0.00017688
4422	1.6058687269687653	0.4507568958295937	0.00017692
4423	1.6104709804058075	0.4448096903047147	0.00017696
4424	1.6043681800365448	0.44867971049073413	0.00017700000000000002
4425	1.6015987992286682	0.4474076296185191	0.00017704
4426	1.6257537007331848	0.4413850896357705	0.00017708
4427	1.6228402256965637	0.44110504247494625	0.00017712
4428	1.5997572839260101	0.4480655612731084	0.00017716000000000002
4429	1.5966943204402924	0.45214465263937986	0.0001772
4430	1.605740636587143	0.4472636964782622	0.00017724
4431	1.6043765842914581	0.44537388342843487	0.00017728
4432	1.618776559829712	0.44492423333733155	0.00017732000000000002
4433	1.612816959619522	0.44655852783120825	0.00017736000000000002
4434	1.6143710911273956	0.44388883354915826	0.0001774
4435	1.6061680018901825	0.4487452105358182	0.00017744
4436	1.620503306388855	0.44392682877853856	0.00017748000000000002
4437	1.6133111417293549	0.446556696504306	0.00017752
4438	1.60768461227417	0.4471694358770272	0.00017756000000000003
4439	1.6122021079063416	0.443780295595801	0.0001776
4440	1.6032646000385284	0.4499886349036932	0.00017764000000000001
4441	1.6048254072666168	0.4446540564949074	0.00017768
4442	1.6035259068012238	0.4490641577419678	0.00017772
4443	1.606040358543396	0.44662893157503863	0.00017776
4444	1.6108618676662445	0.4457725012032729	0.0001778
4445	1.6067220568656921	0.45038727442007886	0.00017784000000000002
4446	1.6126395761966705	0.44766068998639236	0.00017788
4447	1.607581913471222	0.4462460907153244	0.00017792
4448	1.605591595172882	0.44603757029473934	0.00017796
4449	1.6064740717411041	0.44838414755336486	0.00017800000000000002
4450	1.6101511716842651	0.4432780460494086	0.00017804
4451	1.5996017158031464	0.4473041822399141	0.00017808
4452	1.6110038757324219	0.4435087649362686	0.00017812
4453	1.6000016629695892	0.45185648230834874	0.00017816000000000002
4454	1.6220358908176422	0.44616188401368256	0.00017820000000000002
4455	1.6083484590053558	0.4475113845170568	0.00017824
4456	1.6150891780853271	0.4458155198238322	0.00017828
4457	1.611228585243225	0.44559709531979413	0.00017832
4458	1.6115005612373352	0.44299745724684647	0.00017836000000000002
4459	1.6025035977363586	0.44693261014786084	0.0001784
4460	1.6096863448619843	0.4450130672840917	0.00017844
4461	1.6074132919311523	0.4467304403166143	0.00017848
4462	1.6095905303955078	0.4468642508599312	0.00017852
4463	1.6218148469924927	0.44267211318122945	0.00017856000000000003
4464	1.5892099440097809	0.44915883722797717	0.0001786
4465	1.6050226092338562	0.44988220387638334	0.00017864
4466	1.6058937907218933	0.4456886674968867	0.00017868
4467	1.6171784400939941	0.4459638332387862	0.00017872
4468	1.6076278984546661	0.4478753682528586	0.00017876
4469	1.606368899345398	0.44745519570436637	0.0001788
4470	1.600445955991745	0.45200901763626206	0.00017884000000000002
4471	1.6086783707141876	0.44604058893752485	0.00017888
4472	1.6144394874572754	0.44683284924203237	0.00017892
4473	1.5939559042453766	0.44894988354349047	0.00017896
4474	1.6068489253520966	0.4432450179582334	0.00017900000000000001
4475	1.6044003367424011	0.4503317213540626	0.00017904000000000002
4476	1.6246715784072876	0.442332922514213	0.00017908
4477	1.604839712381363	0.44864805385777307	0.00017912
4478	1.5986170172691345	0.4520792079207921	0.00017916
4479	1.6016099750995636	0.4439776612490851	0.00017920000000000002
4480	1.6063207685947418	0.4492670478149914	0.00017924
4481	1.6114710867404938	0.44591010815020754	0.00017928
4482	1.5966072380542755	0.44896692560262674	0.00017932
4483	1.6093964278697968	0.4430479575130775	0.00017936000000000002
4484	1.5978702902793884	0.4513505461767627	0.00017940000000000002
4485	1.615247666835785	0.44380311367199593	0.00017944
4486	1.6010379493236542	0.44923116784756895	0.00017948
4487	1.611687809228897	0.4413260482289832	0.00017952
4488	1.6071929037570953	0.44692414891499105	0.00017956000000000002
4489	1.5921527445316315	0.4485871977923091	0.0001796
4490	1.6090854108333588	0.4455665098438764	0.00017964
4491	1.6019936203956604	0.4474433948118159	0.00017968000000000001
4492	1.6032834649085999	0.4482562490645113	0.00017972
4493	1.5822763442993164	0.4552659352038073	0.00017976000000000003
4494	1.6060968339443207	0.44616379096017106	0.0001798
4495	1.6100698709487915	0.44558795692068587	0.00017984
4496	1.6051738560199738	0.44822044994643495	0.00017988
4497	1.606323003768921	0.4470606873743725	0.00017992
4498	1.6083052456378937	0.44616353962475497	0.00017996
4499	1.6031084656715393	0.4431095969557508	0.00018
4500	1.606403887271881	0.4491105249588481	0.00018004000000000002
4501	1.6188275218009949	0.4427181371816706	0.00018008
4502	1.5965629518032074	0.45006024036403103	0.00018012
4503	1.599803388118744	0.44991446110496125	0.00018016
4504	1.6140358746051788	0.44303556583836623	0.00018020000000000002
4505	1.600627839565277	0.44975938017931666	0.00018024
4506	1.5981815159320831	0.4507745232555827	0.00018028
4507	1.5998804569244385	0.44848017775464655	0.00018032
4508	1.5975661277770996	0.45112396645346947	0.00018036000000000001
4509	1.5892343819141388	0.4504242832784805	0.00018040000000000002
4510	1.5999474227428436	0.4488972565895643	0.00018044
4511	1.5999405682086945	0.4490559652842057	0.00018048
4512	1.5992896258831024	0.4477663672644807	0.00018052
4513	1.6094542741775513	0.44869315576466834	0.00018056000000000002
4514	1.607651948928833	0.44430006844083836	0.00018060000000000003
4515	1.612467646598816	0.4474282396701534	0.00018064
4516	1.5832329392433167	0.45272100713119	0.00018068
4517	1.5979174077510834	0.44995552712845166	0.00018072
4518	1.5982425510883331	0.4502084065685733	0.00018076000000000002
4519	1.5929729044437408	0.4487398483622524	0.0001808
4520	1.5870202481746674	0.4543158861340679	0.00018084
4521	1.604924738407135	0.4484595017450957	0.00018088000000000002
4522	1.6024138629436493	0.4481935412983329	0.00018092
4523	1.6070623695850372	0.4505960317618261	0.00018096000000000003
4524	1.5725035667419434	0.4571665899401533	0.000181
4525	1.6200956106185913	0.4428747294640907	0.00018104000000000001
4526	1.595652014017105	0.4499448852520879	0.00018108
4527	1.601170837879181	0.4506352213109064	0.00018112
4528	1.603013664484024	0.44662640957473093	0.00018116
4529	1.6085607409477234	0.44723762947058704	0.0001812
4530	1.5997130274772644	0.44948948948948947	0.00018124000000000002
4531	1.5873267948627472	0.4492584851199363	0.00018128
4532	1.6002802550792694	0.4467398709573999	0.00018132
4533	1.5934126675128937	0.4530137707131581	0.00018136
4534	1.5966275036334991	0.4494497183911477	0.00018140000000000002
4535	1.5967580378055573	0.4477387283008031	0.00018144
4536	1.586040437221527	0.45542751970551754	0.00018148
4537	1.5931228995323181	0.4474894538021423	0.00018152
4538	1.6037845015525818	0.44576360508705465	0.00018156000000000002
4539	1.592339426279068	0.45179931177703986	0.00018160000000000002
4540	1.6036940515041351	0.4482985795709765	0.00018164
4541	1.588081955909729	0.45479632851400803	0.00018168
4542	1.6052680909633636	0.4449435958869921	0.00018172
4543	1.600939154624939	0.44805252947321295	0.00018176000000000002
4544	1.5703006088733673	0.4578903428922037	0.00018180000000000003
4545	1.605646014213562	0.44761514063015917	0.00018184
4546	1.5997639894485474	0.4501746251281082	0.00018188000000000001
4547	1.6055545210838318	0.44578373262937687	0.00018192
4548	1.6024439334869385	0.44516917651066557	0.00018196000000000003
4549	1.5980893969535828	0.4493687270989326	0.000182
4550	1.5913043022155762	0.4477260951014389	0.00018204
4551	1.6017705798149109	0.446960334861471	0.00018208000000000002
4552	1.5920705199241638	0.4519507330908071	0.00018212
4553	1.5938321948051453	0.4479153246186932	0.00018216000000000003
4554	1.5875947177410126	0.4523690423786466	0.0001822
4555	1.5957296788692474	0.45039074586048927	0.00018224000000000002
4556	1.6087346374988556	0.4479430535100638	0.00018228
4557	1.592562884092331	0.4516245162451625	0.00018232
4558	1.6052168309688568	0.44684398570861456	0.00018236
4559	1.5900312066078186	0.4530847565083013	0.00018240000000000002
4560	1.6051645576953888	0.4448496259228063	0.00018244000000000002
4561	1.5921135246753693	0.45091474111573354	0.00018248
4562	1.5937738418579102	0.450627506534448	0.00018252
4563	1.591226875782013	0.45214468629961585	0.00018256
4564	1.6057985126972198	0.447999680826659	0.00018260000000000002
4565	1.603489875793457	0.45154889976768997	0.00018264
4566	1.5834788382053375	0.4526147863801785	0.00018268
4567	1.5919174551963806	0.4510292264298146	0.00018272
4568	1.5897671580314636	0.45071626036692636	0.00018276
4569	1.6017784178256989	0.45330181213895704	0.00018280000000000003
4570	1.5946590602397919	0.4525337043227608	0.00018284
4571	1.5952173173427582	0.4493072421069395	0.00018288
4572	1.5847260653972626	0.4541783567134269	0.00018292
4573	1.6043512225151062	0.4482562206455481	0.00018296
4574	1.5837639570236206	0.45184487800969514	0.000183
4575	1.5831945836544037	0.4540493968983343	0.00018304
4576	1.594161480665207	0.4473016223374903	0.00018308000000000002
4577	1.5753454267978668	0.4596605601846806	0.00018312
4578	1.594549983739853	0.45068973439482174	0.00018316
4579	1.5953103303909302	0.4466638882273557	0.0001832
4580	1.5941029489040375	0.44866240766620086	0.00018324000000000001
4581	1.5867320001125336	0.4528916047607636	0.00018328000000000002
4582	1.5988928079605103	0.44776596594996404	0.00018332
4583	1.6155668199062347	0.44417584385352316	0.00018336
4584	1.6078805327415466	0.4459799245674602	0.0001834
4585	1.5908288061618805	0.452153325141607	0.00018344000000000002
4586	1.6057046949863434	0.4480112762177025	0.00018348
4587	1.6043017506599426	0.4491669567812205	0.00018352
4588	1.5960170924663544	0.4495294868216436	0.00018356
4589	1.5843960642814636	0.45674215105534965	0.00018360000000000002
4590	1.6124377846717834	0.4486925928502569	0.00018364000000000002
4591	1.6024678349494934	0.4485933809680409	0.00018368
4592	1.5860759317874908	0.45247950409918014	0.00018372
4593	1.5771039128303528	0.4545228479917242	0.00018376
4594	1.6063314378261566	0.4486330820150791	0.00018380000000000002
4595	1.5901192128658295	0.45274248528044625	0.00018384
4596	1.584850013256073	0.45237379506603337	0.00018388
4597	1.5782028436660767	0.4566074069662408	0.00018392000000000001
4598	1.5954501032829285	0.4498261032345784	0.00018396
4599	1.5910535156726837	0.45307083458571284	0.00018400000000000003
4600	1.5842534005641937	0.4523154790371433	0.00018404
4601	1.591174453496933	0.4505100113335852	0.00018408
4602	1.5879356563091278	0.45030054097375277	0.00018412
4603	1.575730174779892	0.45729606662472666	0.00018416
4604	1.588863879442215	0.4517153179334574	0.0001842
4605	1.6026348173618317	0.449603083923657	0.00018424
4606	1.5846147239208221	0.4532490488031397	0.00018428000000000002
4607	1.5880704820156097	0.4523785887304928	0.00018432
4608	1.5948282480239868	0.4490637227501397	0.00018436
4609	1.5980976223945618	0.4487713953581593	0.0001844
4610	1.5839307606220245	0.4506317734605204	0.00018444000000000002
4611	1.5919205844402313	0.45376873361746406	0.00018448
4612	1.5911084115505219	0.4500662726846915	0.00018452
4613	1.6066453456878662	0.4488594043280069	0.00018456
4614	1.5992935597896576	0.447717821534145	0.00018460000000000001
4615	1.5948406755924225	0.4530797228600363	0.00018464000000000002
4616	1.5989786088466644	0.453648128576841	0.00018468
4617	1.5852462649345398	0.4541942934512076	0.00018472
4618	1.5851294994354248	0.4535810602366475	0.00018476
4619	1.5981204509735107	0.45135024835013887	0.00018480000000000002
4620	1.5839941799640656	0.4521720030750492	0.00018484000000000003
4621	1.5897518992424011	0.45217069536258264	0.00018488
4622	1.5920019745826721	0.4512060805112075	0.00018492
4623	1.5977977514266968	0.45138558986539984	0.00018496
4624	1.5950924754142761	0.4477420509455348	0.00018500000000000002
4625	1.5867913961410522	0.4548103788417437	0.00018504
4626	1.5916939079761505	0.4478110782983478	0.00018508
4627	1.5905307531356812	0.44952884348893374	0.00018512000000000002
4628	1.5858298242092133	0.454594373748144	0.00018516
4629	1.5703999400138855	0.4578189403087855	0.00018520000000000003
4630	1.5863513052463531	0.45133442701664533	0.00018524
4631	1.5921677350997925	0.45178181382962807	0.00018528000000000001
4632	1.6099607348442078	0.4467817242780812	0.00018532
4633	1.5905645787715912	0.4487731879036227	0.00018536
4634	1.5870873928070068	0.4551507600299028	0.0001854
4635	1.5918036699295044	0.4536766314617022	0.00018544
4636	1.5901922583580017	0.45110872033948957	0.00018548000000000002
4637	1.572847068309784	0.4577941339125014	0.00018552
4638	1.5828289687633514	0.45244028140542597	0.00018556
4639	1.5680627822875977	0.4579885550216338	0.0001856
4640	1.5959018766880035	0.4482014030548784	0.00018564000000000002
4641	1.6079759299755096	0.4482135187238421	0.00018568
4642	1.5786848068237305	0.4533916980527286	0.00018572
4643	1.5878052711486816	0.4519370157460635	0.00018576
4644	1.5916836857795715	0.44974508009613545	0.00018580000000000002
4645	1.5986549854278564	0.4506575968282399	0.00018584000000000002
4646	1.5780632495880127	0.455544784994054	0.00018588
4647	1.5954082906246185	0.44969018588846693	0.00018592
4648	1.585698515176773	0.45467359792062384	0.00018596
4649	1.5770622789859772	0.454848027505972	0.00018600000000000002
4650	1.5707868933677673	0.46028774241347203	0.00018604
4651	1.5984499156475067	0.44636024944517527	0.00018608
4652	1.6018643975257874	0.4454018689724641	0.00018612000000000001
4653	1.5619962215423584	0.45982975920807095	0.00018616
4654	1.5753243565559387	0.4554605584764109	0.00018620000000000003
4655	1.593351125717163	0.452288688549086	0.00018624
4656	1.6071696877479553	0.4473684210526316	0.00018628
4657	1.5774929523468018	0.45942743340801595	0.00018632000000000002
4658	1.5834523141384125	0.45367844698855153	0.00018636
4659	1.5715185105800629	0.45875072787027626	0.00018640000000000003
4660	1.5832609832286835	0.4528160049714841	0.00018644
4661	1.5758338570594788	0.455832832230908	0.00018648000000000002
4662	1.5964707434177399	0.4472325165569529	0.00018652
4663	1.5761745274066925	0.454876791060468	0.00018656
4664	1.5909440219402313	0.45187987230678395	0.0001866
4665	1.5740920305252075	0.4568081991215227	0.00018664000000000002
4666	1.575454592704773	0.4586727943736509	0.00018668000000000002
4667	1.5817553997039795	0.45379685258924185	0.00018672
4668	1.5795094668865204	0.4562140800994975	0.00018676
4669	1.5804714858531952	0.45283659608469834	0.00018680000000000001
4670	1.57498037815094	0.4576921932200363	0.00018684000000000002
4671	1.585427850484848	0.45408515535097815	0.00018688
4672	1.5741424858570099	0.45559463618377666	0.00018692
4673	1.5839441418647766	0.45266483844044353	0.00018696
4674	1.586030900478363	0.45206850754256944	0.00018700000000000002
4675	1.5752190053462982	0.4576511744127936	0.00018704000000000003
4676	1.5904189050197601	0.4499757283957956	0.00018708
4677	1.582293063402176	0.45322891975956875	0.00018712
4678	1.5810231864452362	0.45363833286533756	0.00018716
4679	1.5817827880382538	0.45163534451058923	0.00018720000000000002
4680	1.5845067501068115	0.45298138815428374	0.00018724
4681	1.5733630955219269	0.4560703354738042	0.00018728
4682	1.589069426059723	0.45144851381094964	0.00018732000000000002
4683	1.5643126368522644	0.4588390554078103	0.00018736
4684	1.5817935764789581	0.4549696083405458	0.00018740000000000003
4685	1.5872028768062592	0.4511379914053796	0.00018744
4686	1.5763217508792877	0.45675681057830175	0.00018748000000000001
4687	1.5833106338977814	0.4513690844185629	0.00018752
4688	1.5868597030639648	0.453539800920518	0.00018756
4689	1.5803484916687012	0.45462073369050116	0.0001876
4690	1.5771595537662506	0.45520274448012443	0.00018764
4691	1.5776525735855103	0.45843377711982236	0.00018768000000000002
4692	1.573691040277481	0.4577232120576933	0.00018772
4693	1.5795992314815521	0.4560549984081503	0.00018776
4694	1.55538409948349	0.4604060358290313	0.0001878
4695	1.5843263268470764	0.45614596031254373	0.00018784000000000002
4696	1.579764872789383	0.4567523683345453	0.00018788000000000002
4697	1.581689566373825	0.45245885336383074	0.00018792
4698	1.5813553929328918	0.45265579713753573	0.00018796
4699	1.588724285364151	0.45362601885250803	0.000188
4700	1.581393301486969	0.44888096892083723	0.00018804000000000002
4701	1.5794672966003418	0.4561391276631772	0.00018808
4702	1.5752458572387695	0.45325497287522604	0.00018812
4703	1.5888759791851044	0.450083753773935	0.00018816000000000001
4704	1.584759533405304	0.4548828066234066	0.0001882
4705	1.5729615092277527	0.456632267807702	0.00018824000000000003
4706	1.5934464931488037	0.4513814244197619	0.00018828
4707	1.5882168114185333	0.45645794996767297	0.00018832
4708	1.600704848766327	0.44767592316114263	0.00018836
4709	1.5633211731910706	0.4585768856716029	0.0001884
4710	1.5799718797206879	0.4542535161012161	0.00018844
4711	1.5907271802425385	0.4494120918407881	0.00018848
4712	1.5609020590782166	0.4580714778143016	0.00018852000000000002
4713	1.5776503384113312	0.45590575305640385	0.00018856
4714	1.5781335234642029	0.4504682549928992	0.0001886
4715	1.5663171112537384	0.4566851879661611	0.00018864
4716	1.5894757211208344	0.452267656524572	0.00018868000000000002
4717	1.5857248604297638	0.4492886279972142	0.00018872
4718	1.5845287442207336	0.45653568643708115	0.00018876
4719	1.5895754396915436	0.45529572220728926	0.0001888
4720	1.578345775604248	0.45746218805770744	0.00018884000000000001
4721	1.5678993463516235	0.45177781779618625	0.00018888000000000002
4722	1.5961042642593384	0.4482242360546511	0.00018892
4723	1.578620731830597	0.45225311697011505	0.00018896
4724	1.5650924444198608	0.45489839913769015	0.00018899999999999999
4725	1.5726092457771301	0.4558643891303042	0.00018904000000000002
4726	1.588392823934555	0.45209476829014106	0.00018908000000000003
4727	1.5710773766040802	0.45880279221624654	0.00018912
4728	1.5893085598945618	0.45173262374454803	0.00018916
4729	1.5725919902324677	0.4584669628095058	0.0001892
4730	1.579543799161911	0.4573664943800161	0.00018924000000000002
4731	1.5829602777957916	0.4537961515872463	0.00018928
4732	1.584048479795456	0.4559170951539576	0.00018932
4733	1.578179031610489	0.4540818867210453	0.00018936000000000002
4734	1.576020896434784	0.45704224651593073	0.0001894
4735	1.5877333879470825	0.44894061834117316	0.00018944000000000003
4736	1.5785648226737976	0.453950834501337	0.00018948
4737	1.5734382271766663	0.45393726150949004	0.00018952000000000002
4738	1.566361129283905	0.4595253072921347	0.00018956
4739	1.5854679644107819	0.454187673116394	0.0001896
4740	1.5890819728374481	0.45202166570063756	0.00018964
4741	1.5683096647262573	0.4592179662335331	0.00018968
4742	1.577332615852356	0.45516570178695054	0.00018972000000000002
4743	1.5821638703346252	0.45509095818623674	0.00018976
4744	1.5786330699920654	0.45399922662779973	0.0001898
4745	1.5724283456802368	0.45731529740206267	0.00018984
4746	1.570950984954834	0.45587839789626766	0.00018988000000000002
4747	1.5984123945236206	0.45096075670745006	0.00018992
4748	1.5842142403125763	0.45273956356736245	0.00018996
4749	1.5998960137367249	0.44916855631141345	0.00019
4750	1.5822655856609344	0.4514515212820027	0.00019004000000000002
4751	1.583638608455658	0.4556031661012914	0.00019008000000000002
4752	1.5767408609390259	0.4565206661336018	0.00019012
4753	1.5726228654384613	0.45325174894863773	0.00019016
4754	1.5793412625789642	0.4522421255109401	0.0001902
4755	1.5691587328910828	0.45615720174490737	0.00019024000000000002
4756	1.5865116715431213	0.45139033663916767	0.00019028
4757	1.5770557522773743	0.4559323894193832	0.00019032
4758	1.5867568254470825	0.45298425962106864	0.00019036000000000001
4759	1.5656370222568512	0.46191257645830225	0.0001904
4760	1.566893070936203	0.4592868547099521	0.00019044000000000003
4761	1.5766724944114685	0.4556863605099732	0.00019048
4762	1.581571787595749	0.453636228065815	0.00019052
4763	1.560205340385437	0.45881521587674423	0.00019056000000000002
4764	1.5692910254001617	0.45787133056796425	0.0001906
4765	1.5789097845554352	0.45606198087527045	0.00019064000000000003
4766	1.5757702887058258	0.45602212025410543	0.00019068
4767	1.5692695379257202	0.4570709843576869	0.00019072000000000002
4768	1.5722967088222504	0.45907221024043454	0.00019076
4769	1.5630003213882446	0.459133324048467	0.0001908
4770	1.574392020702362	0.4556919052231131	0.00019084
4771	1.571189135313034	0.45713711904403276	0.00019088000000000002
4772	1.5773605406284332	0.4563300565981531	0.00019092000000000002
4773	1.5842668414115906	0.4522593046301553	0.00019096
4774	1.5651140809059143	0.4610105371573443	0.000191
4775	1.577336311340332	0.45574856074692016	0.00019104000000000001
4776	1.566830962896347	0.4598312253122132	0.00019108000000000002
4777	1.5860511660575867	0.45552679187198275	0.00019112
4778	1.5664788484573364	0.4567648527209186	0.00019116
4779	1.570306807756424	0.4549032860863169	0.0001912
4780	1.5777932703495026	0.45663928304705004	0.00019124000000000002
4781	1.5694622099399567	0.4550015429180064	0.00019128000000000003
4782	1.5729086995124817	0.4575512243878061	0.00019132
4783	1.5731033980846405	0.4589275556132174	0.00019136
4784	1.5784971714019775	0.4555833036032822	0.0001914
4785	1.5717197060585022	0.45874958913933406	0.00019144000000000002
4786	1.5592652559280396	0.46263016959238323	0.00019148
4787	1.5692406296730042	0.4589417522464698	0.00019152
4788	1.5847268104553223	0.4544701325666826	0.00019156000000000002
4789	1.588085025548935	0.4511912756723165	0.0001916
4790	1.575137048959732	0.4558602107932483	0.00019164000000000003
4791	1.5722295939922333	0.45562449959967977	0.00019168
4792	1.56408029794693	0.4596872916189775	0.00019172000000000001
4793	1.5723114311695099	0.45586612176714497	0.00019176
4794	1.5789514482021332	0.45247170994356917	0.0001918
4795	1.584141343832016	0.45087797841118243	0.00019184
4796	1.556408315896988	0.45883604681508844	0.00019188
4797	1.5887642800807953	0.448416812888818	0.00019192000000000002
4798	1.5802386105060577	0.4550813981326311	0.00019196
4799	1.5616543292999268	0.46120724184891454	0.000192
4800	1.5813615918159485	0.45435728004617515	0.00019204
4801	1.5681604146957397	0.4645110410094637	0.00019208000000000002
4802	1.5700941979885101	0.45886438030425136	0.00019212000000000002
4803	1.5712021887302399	0.4550167642496122	0.00019216
4804	1.5579249262809753	0.4651490307718617	0.0001922
4805	1.5729970335960388	0.45445013630508374	0.00019224000000000002
4806	1.5611068308353424	0.4591778575499715	0.00019228000000000002
4807	1.5691298842430115	0.463024551023042	0.00019232
4808	1.588525801897049	0.45483708082098195	0.00019236
4809	1.5633887648582458	0.46024580383422165	0.00019240000000000001
4810	1.583481341600418	0.4524117611928414	0.00019244000000000002
4811	1.583737462759018	0.45292247977582606	0.00019248000000000003
4812	1.571955919265747	0.4549415134877059	0.00019252
4813	1.5640723407268524	0.4578532684008394	0.00019256
4814	1.56978178024292	0.4606364319719369	0.0001926
4815	1.5646252036094666	0.459656131123847	0.00019264
4816	1.5657308399677277	0.4560706533643985	0.00019268
4817	1.5849211812019348	0.4542368468486511	0.00019272
4818	1.5748645961284637	0.4544764870881123	0.00019276000000000002
4819	1.5812224745750427	0.45506211737491775	0.0001928
4820	1.5746882855892181	0.4577179728673627	0.00019284
4821	1.5749775171279907	0.45816001350157354	0.00019288
4822	1.565975546836853	0.4576696728061542	0.00019292000000000002
4823	1.5821285247802734	0.45387196670218166	0.00019296
4824	1.5724502503871918	0.45785616124599177	0.000193
4825	1.5655893683433533	0.45900149775336996	0.00019304
4826	1.5756625831127167	0.4563619038066102	0.00019308000000000001
4827	1.5776847898960114	0.4543260360045878	0.00019312000000000002
4828	1.5592677891254425	0.4595233818334232	0.00019316
4829	1.5659024119377136	0.4607098096166471	0.0001932
4830	1.5538445711135864	0.46290565738316275	0.00019323999999999999
4831	1.5590448379516602	0.4620692433995145	0.00019328000000000002
4832	1.5765653848648071	0.45588279115967223	0.00019332
4833	1.5785645842552185	0.454100146951506	0.00019336
4834	1.5657849609851837	0.46144944885031675	0.0001934
4835	1.571475774049759	0.4560845505758014	0.00019344
4836	1.5720271170139313	0.4559363707855102	0.00019348000000000002
4837	1.5690760612487793	0.45606457199160005	0.00019352
4838	1.5765883028507233	0.4548033526756931	0.00019356
4839	1.575209528207779	0.45512024048096195	0.00019360000000000002
4840	1.5618301033973694	0.459599294379675	0.00019364
4841	1.560802012681961	0.46036759618566314	0.00019368000000000003
4842	1.5523307025432587	0.4675741633494029	0.00019372
4843	1.5628989934921265	0.4619396349322117	0.00019376000000000002
4844	1.5742791295051575	0.4526787399541043	0.0001938
4845	1.5547504127025604	0.46437459397331465	0.00019384
4846	1.5743273198604584	0.4555829980480421	0.00019388
4847	1.5699914991855621	0.4617053245370509	0.00019392000000000001
4848	1.5615336298942566	0.4602083728735678	0.00019396000000000002
4849	1.5649826526641846	0.45691016536723444	0.000194
4850	1.566593736410141	0.45646430042495906	0.00019404
4851	1.568308025598526	0.4577904424351048	0.00019408
4852	1.576827734708786	0.4538945023470443	0.00019412000000000002
4853	1.576116293668747	0.4578714189216037	0.00019416
4854	1.5715810656547546	0.4574497629485628	0.0001942
4855	1.5650582313537598	0.458292492153543	0.00019424
4856	1.5614315867424011	0.4596934713375796	0.00019428000000000002
4857	1.543056309223175	0.4684655755471486	0.00019432000000000002
4858	1.555291086435318	0.4651812817455944	0.00019436
4859	1.5754127204418182	0.4538229597236367	0.0001944
4860	1.5623910129070282	0.4564727785952374	0.00019444
4861	1.5570600926876068	0.4606787788802055	0.00019448000000000002
4862	1.5643299221992493	0.45501442423271093	0.00019452
4863	1.5631999373435974	0.4575769554332512	0.00019456
4864	1.561665803194046	0.46041129048390644	0.00019460000000000001
4865	1.5701723992824554	0.45639479940712446	0.00019464
4866	1.5640020966529846	0.4616998740982034	0.00019468000000000003
4867	1.5598670840263367	0.4602483535267206	0.00019472
4868	1.547163724899292	0.4634801449810786	0.00019476
4869	1.5618346631526947	0.4602937789748776	0.0001948
4870	1.57642462849617	0.45712952483072217	0.00019484
4871	1.56642484664917	0.4592364187921606	0.00019488000000000003
4872	1.5847000181674957	0.44956149093083514	0.00019492
4873	1.5637567043304443	0.4588232953301896	0.00019496000000000002
4874	1.558011680841446	0.46121372031662267	0.000195
4875	1.5685757100582123	0.4582715653672022	0.00019504
4876	1.5621412098407745	0.4594850813292087	0.00019508
4877	1.5680366158485413	0.45661081182971713	0.00019512000000000002
4878	1.5676075518131256	0.456743648730742	0.00019516000000000002
4879	1.5638065934181213	0.4582444103157349	0.0001952
4880	1.5663497745990753	0.4612896462906945	0.00019524
4881	1.578934371471405	0.4529905207630984	0.00019528000000000001
4882	1.5608141422271729	0.46217899377230426	0.00019532000000000002
4883	1.5771526992321014	0.45521040095275905	0.00019536
4884	1.5613433122634888	0.4593001329866418	0.0001954
4885	1.562241107225418	0.4593642059603181	0.00019544
4886	1.5540898442268372	0.4596039802995276	0.00019548000000000002
4887	1.5467949211597443	0.46528949549207743	0.00019552000000000003
4888	1.5562271773815155	0.4660518444666002	0.00019556
4889	1.558535248041153	0.46259555697491067	0.0001956
4890	1.5723756849765778	0.45745263934148506	0.00019564
4891	1.563321977853775	0.4646882081074876	0.00019568000000000002
4892	1.5589276254177094	0.45889808484266925	0.00019572
4893	1.5753920078277588	0.45432940895712354	0.00019576
4894	1.5494620203971863	0.46330528893628786	0.00019580000000000002
4895	1.5582751631736755	0.45985918302217965	0.00019584
4896	1.5775714218616486	0.45652000954729893	0.00019588000000000003
4897	1.5571268200874329	0.4621418248866298	0.00019592
4898	1.5705804824829102	0.4596230554447547	0.00019596000000000001
4899	1.5620133578777313	0.4558003318473502	0.000196
4900	1.568767786026001	0.4568856112160366	0.00019604
4901	1.5656995177268982	0.458279260983704	0.00019608
4902	1.5570423305034637	0.46449566294919453	0.00019612
4903	1.549359917640686	0.46484554404041617	0.00019616000000000002
4904	1.5528204441070557	0.4630914194065758	0.0001962
4905	1.5687676966190338	0.4561774233740344	0.00019624
4906	1.5626273155212402	0.4592756095113876	0.00019628
4907	1.5613179504871368	0.46263384041360284	0.00019632000000000002
4908	1.5636888444423676	0.4600913517040606	0.00019636000000000002
4909	1.5676116049289703	0.4589024753951685	0.0001964
4910	1.5699661076068878	0.4587262266261787	0.00019644
4911	1.564246028661728	0.4602077849565287	0.00019648000000000002
4912	1.575707584619522	0.4541365830308349	0.00019652000000000002
4913	1.5665909051895142	0.45654145529565365	0.00019656
4914	1.551380693912506	0.46136652935221656	0.0001966
4915	1.5509842038154602	0.4634307050296508	0.00019664000000000001
4916	1.5590955913066864	0.4629633284648482	0.00019668000000000002
4917	1.567272961139679	0.4572105626268585	0.00019672000000000003
4918	1.5714865326881409	0.4565863649469571	0.00019676
4919	1.5603704750537872	0.45843654415082985	0.0001968
4920	1.553040236234665	0.46240605246130106	0.00019684
4921	1.5848668813705444	0.4537005644083684	0.00019688000000000003
4922	1.5733012557029724	0.45830516562611845	0.00019692
4923	1.557502657175064	0.4647215808569972	0.00019696
4924	1.5489283800125122	0.4689647572679369	0.00019700000000000002
4925	1.5795231759548187	0.45364952881787984	0.00019704
4926	1.573588490486145	0.4576847809724522	0.00019708000000000003
4927	1.555493026971817	0.46177153621512795	0.00019712
4928	1.574289232492447	0.45420133236119575	0.00019716000000000002
4929	1.564589947462082	0.45816166079496823	0.0001972
4930	1.5670101940631866	0.4602366840288172	0.00019724
4931	1.5583823919296265	0.46126827510982576	0.00019728
4932	1.5578483045101166	0.463248937571078	0.00019732000000000001
4933	1.5764707624912262	0.45365628789321255	0.00019736000000000002
4934	1.5659559071063995	0.4570173771246211	0.0001974
4935	1.5662425458431244	0.45960913998844555	0.00019744
4936	1.5594086349010468	0.462176371391727	0.00019748
4937	1.5721302926540375	0.4592427528302262	0.00019752000000000002
4938	1.5485947132110596	0.4608933254883971	0.00019756
4939	1.575341910123825	0.45496848091952197	0.0001976
4940	1.5492486655712128	0.46277567074027254	0.00019764
4941	1.5822523832321167	0.4518169663347369	0.00019768
4942	1.5685292482376099	0.4575821898013892	0.00019772000000000002
4943	1.5507203042507172	0.46283658889943546	0.00019776
4944	1.5653879046440125	0.4585283411336453	0.0001978
4945	1.576286643743515	0.4548954457730646	0.00019784
4946	1.5622791051864624	0.45843531774179047	0.00019788
4947	1.5561082065105438	0.4606502219833164	0.00019792000000000003
4948	1.5620014071464539	0.45775349894333905	0.00019796
4949	1.5603671371936798	0.46144949499985044	0.00019800000000000002
4950	1.5490098595619202	0.46642322585822915	0.00019804
4951	1.5647848546504974	0.4616408687185805	0.00019808
4952	1.5549204647541046	0.4620748214374906	0.00019812
4953	1.5259224474430084	0.4738570927845376	0.00019816000000000001
4954	1.558302640914917	0.46307887354876065	0.00019820000000000002
4955	1.571248710155487	0.4583846979759017	0.00019824
4956	1.566716730594635	0.4593893434444223	0.00019828
4957	1.5565020740032196	0.4638491547464239	0.00019832
4958	1.561659425497055	0.45825614115903424	0.00019836000000000002
4959	1.5517605245113373	0.46101125952863836	0.0001984
4960	1.566857010126114	0.45966706798937323	0.00019844
4961	1.5627586841583252	0.4610881576982428	0.00019848
4962	1.5543402135372162	0.4620037127971735	0.00019852000000000002
4963	1.5560021996498108	0.4604256253180217	0.00019856000000000002
4964	1.5506428182125092	0.4658249024137656	0.0001986
4965	1.556334137916565	0.46247043442680213	0.00019864
4966	1.561096966266632	0.4634173044958247	0.00019868
4967	1.561956524848938	0.4613530164588232	0.00019872000000000002
4968	1.5619755983352661	0.4606999255398362	0.00019876
4969	1.5540699064731598	0.46276271169485933	0.0001988
4970	1.5569827854633331	0.463540782602618	0.00019884000000000001
4971	1.5579481422901154	0.4638387274273423	0.00019888
4972	1.5677410662174225	0.45829633103503326	0.00019892000000000003
4973	1.5755225121974945	0.45702201018321775	0.00019896
4974	1.557690680027008	0.4635415112543391	0.000199
4975	1.572858840227127	0.45800260279552163	0.00019904
4976	1.5638543665409088	0.45997210039842235	0.00019908
4977	1.5620720982551575	0.4603311949873191	0.00019912
4978	1.5405694842338562	0.4688109355724462	0.00019916
4979	1.5495247542858124	0.46198847923966974	0.00019920000000000002
4980	1.5528053641319275	0.46093906494130843	0.00019924
4981	1.5497922897338867	0.46713943268078306	0.00019928
4982	1.5477566719055176	0.46220102434066873	0.00019932
4983	1.5416914522647858	0.4675179121802826	0.00019936000000000002
4984	1.5518427193164825	0.463476095817521	0.00019940000000000002
4985	1.5364273190498352	0.4713296715303092	0.00019944
4986	1.5448437929153442	0.46513470681458	0.00019948
4987	1.5583673119544983	0.45954061847469424	0.00019952000000000001
4988	1.5647112727165222	0.458027520620274	0.00019956000000000002
4989	1.5577343106269836	0.4603092061841237	0.0001996
4990	1.5595487654209137	0.4639175257731959	0.00019964
4991	1.562725007534027	0.45937990971103554	0.00019968
4992	1.5477142930030823	0.4652565562146723	0.00019972000000000002
4993	1.561694085597992	0.46117438396157795	0.00019976000000000003
4994	1.5437488853931427	0.4647325366909937	0.0001998
4995	1.5750036239624023	0.4567045818647869	0.00019984
4996	1.5654243230819702	0.46354624670237426	0.00019988
4997	1.5622842013835907	0.4618640270073792	0.00019992000000000002
4998	1.562451809644699	0.4611786622864125	0.00019996
4999	1.5502099394798279	0.46312946942041305	0.0002
